id,gamma_0,gamma_1,gamma_2,gamma_3,gamma_4,beta_0,beta_1,beta_2,beta_3,beta_4
0,np.float64(-0.4289797842502594),np.float64(0.4480416178703308),np.float64(0.328216016292572),np.float64(0.9377228021621704),np.float64(0.8089609742164612),np.float64(1.569716215133667),np.float64(0.7150241732597351),np.float64(0.1919132024049759),np.float64(0.11492732912302017),np.float64(0.11140533536672592)
1,np.float64(0.2573169767856598),np.float64(0.4741733968257904),np.float64(0.33673095703125),np.float64(0.8154019117355347),np.float64(1.2246800661087036),np.float64(0.35218608379364014),np.float64(0.4773343503475189),np.float64(0.4129808247089386),np.float64(0.2841808795928955),np.float64(0.197614848613739)
2,np.float64(0.18951120972633362),np.float64(0.4622823894023895),np.float64(0.37046077847480774),np.float64(0.44135886430740356),np.float64(0.8618049025535583),np.float64(0.31750941276550293),np.float64(0.2945077419281006),np.float64(0.3913913369178772),np.float64(0.26467856764793396),np.float64(0.13835233449935913)
3,np.float64(0.252487450838089),np.float64(0.42555925250053406),np.float64(0.32508620619773865),np.float64(0.7249906659126282),np.float64(0.9876874685287476),np.float64(0.3620899021625519),np.float64(0.519146203994751),np.float64(0.40045708417892456),np.float64(0.2517896890640259),np.float64(0.20890110731124878)
4,np.float64(0.2508718967437744),np.float64(0.5355036854743958),np.float64(0.28678858280181885),np.float64(1.0192939043045044),np.float64(0.9927181005477905),np.float64(0.3184790015220642),np.float64(0.49474290013313293),np.float64(0.4432382881641388),np.float64(0.17674000561237335),np.float64(0.22906698286533356)
5,np.float64(0.1878504604101181),np.float64(0.437461793422699),np.float64(0.29234957695007324),np.float64(0.667335569858551),np.float64(1.1041661500930786),np.float64(0.3285207748413086),np.float64(0.3909837007522583),np.float64(0.44064241647720337),np.float64(0.21995265781879425),np.float64(0.15325401723384857)
6,np.float64(0.22011256217956543),np.float64(0.5441973209381104),np.float64(0.3227035105228424),np.float64(0.6000684499740601),np.float64(0.9612700343132019),np.float64(0.3081893026828766),np.float64(0.3895977735519409),np.float64(0.44557371735572815),np.float64(0.1994015872478485),np.float64(0.16635476052761078)
7,np.float64(0.2285657376050949),np.float64(0.5928685665130615),np.float64(0.32178035378456116),np.float64(0.6311659216880798),np.float64(1.2271934747695923),np.float64(0.2915595471858978),np.float64(0.354697048664093),np.float64(0.47646722197532654),np.float64(0.2293216437101364),np.float64(0.14572708308696747)
8,np.float64(0.176360622048378),np.float64(0.4228009581565857),np.float64(0.3047376871109009),np.float64(0.4894132614135742),np.float64(1.0510131120681763),np.float64(0.32850900292396545),np.float64(0.3395741879940033),np.float64(0.43231716752052307),np.float64(0.23073184490203857),np.float64(0.1285780817270279)
9,np.float64(0.23992830514907837),np.float64(0.5528419017791748),np.float64(0.333609014749527),np.float64(0.8665633201599121),np.float64(1.0409979820251465),np.float64(0.301457941532135),np.float64(0.41277584433555603),np.float64(0.425761342048645),np.float64(0.1795036941766739),np.float64(0.17111292481422424)
10,np.float64(0.19908201694488525),np.float64(0.4982439875602722),np.float64(0.3223627507686615),np.float64(0.6689214110374451),np.float64(1.1411677598953247),np.float64(0.3189926743507385),np.float64(0.37451180815696716),np.float64(0.4310142397880554),np.float64(0.2237170934677124),np.float64(0.14292395114898682)
11,np.float64(0.2252988964319229),np.float64(0.5722396969795227),np.float64(0.3603873550891876),np.float64(0.5827372670173645),np.float64(1.3365845680236816),np.float64(0.29492470622062683),np.float64(0.32207921147346497),np.float64(0.4612124264240265),np.float64(0.19644783437252045),np.float64(0.21862304210662842)
12,np.float64(0.2046966552734375),np.float64(0.5051895976066589),np.float64(0.3143346607685089),np.float64(0.7137459516525269),np.float64(1.758941650390625),np.float64(0.31444454193115234),np.float64(0.3882342576980591),np.float64(0.40438953042030334),np.float64(0.21054518222808838),np.float64(0.2150237113237381)
13,np.float64(0.20446254312992096),np.float64(0.5101847052574158),np.float64(0.31640854477882385),np.float64(0.48540443181991577),np.float64(1.2610160112380981),np.float64(0.30072760581970215),np.float64(0.32314419746398926),np.float64(0.47577881813049316),np.float64(0.185395285487175),np.float64(0.1414792388677597)
14,np.float64(0.24486182630062103),np.float64(0.6137049198150635),np.float64(0.33258506655693054),np.float64(2.246488571166992),np.float64(0.8171893358230591),np.float64(0.28699856996536255),np.float64(0.41414883732795715),np.float64(0.40737754106521606),np.float64(0.11425509303808212),np.float64(0.11442698538303375)
15,np.float64(0.20702911913394928),np.float64(0.5157699584960938),np.float64(0.33575698733329773),np.float64(0.5177010893821716),np.float64(1.086897611618042),np.float64(0.3004385828971863),np.float64(0.320769727230072),np.float64(0.43977126479148865),np.float64(0.24680911004543304),np.float64(0.1385507881641388)
16,np.float64(0.20099569857120514),np.float64(0.5435289740562439),np.float64(0.4674970209598541),np.float64(0.42029130458831787),np.float64(0.8298015594482422),np.float64(0.28796765208244324),np.float64(0.22158218920230865),np.float64(0.37237289547920227),np.float64(0.2874714136123657),np.float64(0.13542737066745758)
17,np.float64(0.2567485272884369),np.float64(0.4795224070549011),np.float64(0.340938001871109),np.float64(1.0058647394180298),np.float64(0.9364206790924072),np.float64(0.3369640111923218),np.float64(0.500136137008667),np.float64(0.4010676443576813),np.float64(0.23388513922691345),np.float64(0.22794905304908752)
18,np.float64(0.20454981923103333),np.float64(0.481385201215744),np.float64(0.29541054368019104),np.float64(0.6029040217399597),np.float64(1.2607160806655884),np.float64(0.3155156672000885),np.float64(0.3824891448020935),np.float64(0.42096394300460815),np.float64(0.21231861412525177),np.float64(0.1332045942544937)
19,np.float64(0.27745574712753296),np.float64(0.6145455241203308),np.float64(0.32656070590019226),np.float64(1.2524871826171875),np.float64(1.2390369176864624),np.float64(0.2894684970378876),np.float64(0.4872954785823822),np.float64(0.4173417389392853),np.float64(0.16714437305927277),np.float64(0.21106494963169098)
20,np.float64(0.18649309873580933),np.float64(0.45598918199539185),np.float64(0.2763534188270569),np.float64(0.5316340327262878),np.float64(1.0684877634048462),np.float64(0.3152247965335846),np.float64(0.36102044582366943),np.float64(0.48608073592185974),np.float64(0.21269293129444122),np.float64(0.1282934844493866)
21,np.float64(0.19541136920452118),np.float64(0.4580650329589844),np.float64(0.288219153881073),np.float64(0.6878545880317688),np.float64(1.0586481094360352),np.float64(0.3316865861415863),np.float64(0.42672809958457947),np.float64(0.4405117630958557),np.float64(0.24502339959144592),np.float64(0.17853794991970062)
22,np.float64(0.20889131724834442),np.float64(0.5011452436447144),np.float64(0.30288413166999817),np.float64(0.6221575140953064),np.float64(1.141998291015625),np.float64(0.31462839245796204),np.float64(0.3811289966106415),np.float64(0.46290358901023865),np.float64(0.24771033227443695),np.float64(0.169002503156662)
23,np.float64(0.21145451068878174),np.float64(0.5221307277679443),np.float64(0.30625948309898376),np.float64(0.6137979626655579),np.float64(1.1720643043518066),np.float64(0.31138741970062256),np.float64(0.37916436791419983),np.float64(0.44607338309288025),np.float64(0.2532324194908142),np.float64(0.153548926115036)
24,np.float64(0.206980362534523),np.float64(0.5187917351722717),np.float64(0.31307122111320496),np.float64(0.8784015774726868),np.float64(1.2929319143295288),np.float64(0.31157994270324707),np.float64(0.4149686098098755),np.float64(0.41641148924827576),np.float64(0.24572350084781647),np.float64(0.19351930916309357)
25,np.float64(0.23186476528644562),np.float64(0.5258194208145142),np.float64(0.29597875475883484),np.float64(0.8566328287124634),np.float64(1.0321831703186035),np.float64(0.3069353401660919),np.float64(0.4666132926940918),np.float64(0.40059536695480347),np.float64(0.1508674919605255),np.float64(0.1909869909286499)
26,np.float64(0.23927545547485352),np.float64(0.5534968972206116),np.float64(0.3108886480331421),np.float64(1.0410666465759277),np.float64(1.1517935991287231),np.float64(0.30906352400779724),np.float64(0.4279952645301819),np.float64(0.4577348530292511),np.float64(0.20145289599895477),np.float64(0.1848297417163849)
27,np.float64(0.19193631410598755),np.float64(0.41187289357185364),np.float64(0.29991036653518677),np.float64(0.6321067810058594),np.float64(0.9288432002067566),np.float64(0.35751309990882874),np.float64(0.44333094358444214),np.float64(0.3889106214046478),np.float64(0.2336897999048233),np.float64(0.17677798867225647)
28,np.float64(0.186393603682518),np.float64(0.46144214272499084),np.float64(0.32578498125076294),np.float64(0.5243295431137085),np.float64(0.9663259983062744),np.float64(0.3254271149635315),np.float64(0.35019412636756897),np.float64(0.42164158821105957),np.float64(0.23568317294120789),np.float64(0.1293756663799286)
29,np.float64(0.20293836295604706),np.float64(0.49770620465278625),np.float64(0.3069286048412323),np.float64(0.5989983081817627),np.float64(1.0486247539520264),np.float64(0.3155393898487091),np.float64(0.38885679841041565),np.float64(0.4414806365966797),np.float64(0.1905311793088913),np.float64(0.1297798752784729)
30,np.float64(0.19097188115119934),np.float64(0.45504167675971985),np.float64(0.29372188448905945),np.float64(0.6346995830535889),np.float64(1.1282192468643188),np.float64(0.3292985260486603),np.float64(0.40338021516799927),np.float64(0.43403908610343933),np.float64(0.23508714139461517),np.float64(0.152531698346138)
31,np.float64(0.1849936693906784),np.float64(0.4503648281097412),np.float64(0.33992800116539),np.float64(0.5448803305625916),np.float64(1.0889174938201904),np.float64(0.3101388216018677),np.float64(0.3067314922809601),np.float64(0.4076177179813385),np.float64(0.24988961219787598),np.float64(0.13014546036720276)
32,np.float64(0.20179708302021027),np.float64(0.49898436665534973),np.float64(0.30188778042793274),np.float64(0.6934316754341125),np.float64(1.1528204679489136),np.float64(0.31726717948913574),np.float64(0.396793007850647),np.float64(0.4473606050014496),np.float64(0.26156580448150635),np.float64(0.17936114966869354)
33,np.float64(0.2216920107603073),np.float64(0.5401588678359985),np.float64(0.29795998334884644),np.float64(0.8045531511306763),np.float64(1.4077314138412476),np.float64(0.3023138642311096),np.float64(0.40746474266052246),np.float64(0.4376887083053589),np.float64(0.22086688876152039),np.float64(0.18562549352645874)
34,np.float64(0.21745148301124573),np.float64(0.46090197563171387),np.float64(0.3016335964202881),np.float64(0.8218051791191101),np.float64(0.8714105486869812),np.float64(0.32610824704170227),np.float64(0.4662853181362152),np.float64(0.4345143139362335),np.float64(0.1260475367307663),np.float64(0.13305601477622986)
35,np.float64(0.18291346728801727),np.float64(0.4109411835670471),np.float64(0.30536913871765137),np.float64(0.6450495719909668),np.float64(1.0539274215698242),np.float64(0.3546009361743927),np.float64(0.4138341248035431),np.float64(0.40055185556411743),np.float64(0.24908676743507385),np.float64(0.17890381813049316)
36,np.float64(0.1999478042125702),np.float64(0.5120341181755066),np.float64(0.3473818302154541),np.float64(0.5139111876487732),np.float64(0.8765664100646973),np.float64(0.3051500916481018),np.float64(0.3199767768383026),np.float64(0.41727349162101746),np.float64(0.2526235580444336),np.float64(0.176380917429924)
37,np.float64(0.21904098987579346),np.float64(0.5386992692947388),np.float64(0.29645082354545593),np.float64(0.727755606174469),np.float64(1.2389943599700928),np.float64(0.30795732140541077),np.float64(0.41996878385543823),np.float64(0.43583500385284424),np.float64(0.2581160366535187),np.float64(0.1836892068386078)
38,np.float64(0.15328551828861237),np.float64(0.3418583571910858),np.float64(0.3101878762245178),np.float64(0.40827450156211853),np.float64(0.7331920266151428),np.float64(0.3549827039241791),np.float64(0.31553468108177185),np.float64(0.39336687326431274),np.float64(0.2423708438873291),np.float64(0.138803631067276)
39,np.float64(0.2638649046421051),np.float64(0.6554208993911743),np.float64(0.28383755683898926),np.float64(1.6501996517181396),np.float64(0.9544751048088074),np.float64(0.2764829099178314),np.float64(0.4443680942058563),np.float64(0.4641259014606476),np.float64(0.16478176414966583),np.float64(0.17304590344429016)
40,np.float64(0.23395539820194244),np.float64(0.4802097678184509),np.float64(0.33952271938323975),np.float64(1.0156152248382568),np.float64(0.8092179298400879),np.float64(0.33024168014526367),np.float64(0.4738852083683014),np.float64(0.3905676603317261),np.float64(0.1784428060054779),np.float64(0.25822269916534424)
41,np.float64(0.219561368227005),np.float64(0.547113835811615),np.float64(0.3075138032436371),np.float64(0.7609018683433533),np.float64(1.159217119216919),np.float64(0.3034941256046295),np.float64(0.3897002339363098),np.float64(0.4568099081516266),np.float64(0.2078576683998108),np.float64(0.15161527693271637)
42,np.float64(0.1885245442390442),np.float64(0.3959304392337799),np.float64(0.3045929968357086),np.float64(0.5966155529022217),np.float64(0.8970908522605896),np.float64(0.359261691570282),np.float64(0.4438531994819641),np.float64(0.39077988266944885),np.float64(0.20698079466819763),np.float64(0.13269343972206116)
43,np.float64(0.24429452419281006),np.float64(0.6094560027122498),np.float64(0.3035200536251068),np.float64(0.8482450246810913),np.float64(1.1732664108276367),np.float64(0.30196288228034973),np.float64(0.44214317202568054),np.float64(0.44336456060409546),np.float64(0.24291813373565674),np.float64(0.20675471425056458)
44,np.float64(0.24871130287647247),np.float64(0.6226142644882202),np.float64(0.3184121251106262),np.float64(0.7693207859992981),np.float64(1.188405156135559),np.float64(0.2891215682029724),np.float64(0.3691771328449249),np.float64(0.48223599791526794),np.float64(0.19232940673828125),np.float64(0.18288740515708923)
45,np.float64(0.22358763217926025),np.float64(0.48895129561424255),np.float64(0.32219621539115906),np.float64(0.9467985033988953),np.float64(0.9039679169654846),np.float64(0.316339910030365),np.float64(0.47493183612823486),np.float64(0.4277549088001251),np.float64(0.13670788705348969),np.float64(0.17197653651237488)
46,np.float64(0.21034982800483704),np.float64(0.47530728578567505),np.float64(0.30621328949928284),np.float64(0.6928134560585022),np.float64(1.1334221363067627),np.float64(0.33330464363098145),np.float64(0.4240185022354126),np.float64(0.42414069175720215),np.float64(0.24001429975032806),np.float64(0.180194690823555)
47,np.float64(0.23584266006946564),np.float64(0.4839561879634857),np.float64(0.30876317620277405),np.float64(0.9174060225486755),np.float64(0.9831015467643738),np.float64(0.3280556797981262),np.float64(0.4970066249370575),np.float64(0.40224406123161316),np.float64(0.21823449432849884),np.float64(0.20604006946086884)
48,np.float64(0.17622974514961243),np.float64(0.40996384620666504),np.float64(0.3095170855522156),np.float64(0.47619929909706116),np.float64(0.9336311221122742),np.float64(0.32873088121414185),np.float64(0.34217727184295654),np.float64(0.42657774686813354),np.float64(0.2256968766450882),np.float64(0.1360294222831726)
49,np.float64(0.2353927195072174),np.float64(0.5787069797515869),np.float64(0.25531280040740967),np.float64(1.6880731582641602),np.float64(0.8210510015487671),np.float64(0.2977879047393799),np.float64(0.44290298223495483),np.float64(0.42140576243400574),np.float64(0.1790405809879303),np.float64(0.1365097314119339)
50,np.float64(0.2205454558134079),np.float64(0.5224297642707825),np.float64(0.33556973934173584),np.float64(1.0777521133422852),np.float64(0.8702187538146973),np.float64(0.3048091530799866),np.float64(0.4170610010623932),np.float64(0.4849355220794678),np.float64(0.13251131772994995),np.float64(0.16621345281600952)
51,np.float64(0.2526913285255432),np.float64(0.5626397132873535),np.float64(0.3255835473537445),np.float64(1.195570707321167),np.float64(1.0161769390106201),np.float64(0.29998067021369934),np.float64(0.4816669225692749),np.float64(0.4305433928966522),np.float64(0.15127848088741302),np.float64(0.18416838347911835)
52,np.float64(0.19865408539772034),np.float64(0.42023831605911255),np.float64(0.27557802200317383),np.float64(0.7059041857719421),np.float64(0.9571908712387085),np.float64(0.3425080478191376),np.float64(0.47243255376815796),np.float64(0.43025511503219604),np.float64(0.18221141397953033),np.float64(0.14772345125675201)
53,np.float64(0.2036314159631729),np.float64(0.5155324935913086),np.float64(0.30100932717323303),np.float64(0.7541763782501221),np.float64(1.2941421270370483),np.float64(0.30861297249794006),np.float64(0.40168431401252747),np.float64(0.42023012042045593),np.float64(0.23116850852966309),np.float64(0.15729361772537231)
54,np.float64(0.2138620764017105),np.float64(0.4637511074542999),np.float64(0.3116251230239868),np.float64(0.7203032970428467),np.float64(0.8992940783500671),np.float64(0.34050068259239197),np.float64(0.45326849818229675),np.float64(0.3961572051048279),np.float64(0.2147015929222107),np.float64(0.19091150164604187)
55,np.float64(0.23040878772735596),np.float64(0.5363398790359497),np.float64(0.3191961646080017),np.float64(0.7646306157112122),np.float64(1.0016380548477173),np.float64(0.30965933203697205),np.float64(0.38382688164711),np.float64(0.4557952880859375),np.float64(0.20282581448554993),np.float64(0.19829048216342926)
56,np.float64(0.18839415907859802),np.float64(0.4028567671775818),np.float64(0.323049932718277),np.float64(0.5614473223686218),np.float64(0.8815537691116333),np.float64(0.3559458553791046),np.float64(0.3921894431114197),np.float64(0.37403738498687744),np.float64(0.2115127593278885),np.float64(0.1492605209350586)
57,np.float64(0.21222807466983795),np.float64(0.46887698769569397),np.float64(0.2872621715068817),np.float64(0.627763569355011),np.float64(1.0435596704483032),np.float64(0.3350061774253845),np.float64(0.43524789810180664),np.float64(0.4355849027633667),np.float64(0.2620006501674652),np.float64(0.18549151718616486)
58,np.float64(0.2116360366344452),np.float64(0.4682396650314331),np.float64(0.2892583906650543),np.float64(0.7550946474075317),np.float64(1.1369993686676025),np.float64(0.3325121998786926),np.float64(0.44994649291038513),np.float64(0.4345841109752655),np.float64(0.2444567084312439),np.float64(0.19393974542617798)
59,np.float64(-0.6038239598274231),np.float64(0.0023339788895100355),np.float64(0.6215727925300598),np.float64(0.5658289194107056),np.float64(1.3656649589538574),np.float64(1.305505394935608),np.float64(0.2684241235256195),np.float64(0.7792128324508667),np.float64(0.153252512216568),np.float64(0.13039295375347137)
60,np.float64(0.24081705510616302),np.float64(0.4311719238758087),np.float64(0.3234773576259613),np.float64(0.9216797947883606),np.float64(0.9812052249908447),np.float64(0.34902238845825195),np.float64(0.5118608474731445),np.float64(0.4175918698310852),np.float64(0.23629571497440338),np.float64(0.2093813419342041)
61,np.float64(0.21501865983009338),np.float64(0.5786156058311462),np.float64(0.3594064712524414),np.float64(0.5843572020530701),np.float64(0.9126213192939758),np.float64(0.2974317967891693),np.float64(0.3331850469112396),np.float64(0.39606210589408875),np.float64(0.23660284280776978),np.float64(0.17329837381839752)
62,np.float64(0.19492466747760773),np.float64(0.46750354766845703),np.float64(0.27918049693107605),np.float64(0.6416235566139221),np.float64(0.9733066558837891),np.float64(0.3231683075428009),np.float64(0.42175546288490295),np.float64(0.43872368335723877),np.float64(0.19194123148918152),np.float64(0.14539077877998352)
63,np.float64(0.25020965933799744),np.float64(0.5264631509780884),np.float64(0.3085174262523651),np.float64(0.990470826625824),np.float64(1.0496470928192139),np.float64(0.3086032271385193),np.float64(0.4612596333026886),np.float64(0.43914005160331726),np.float64(0.1644233614206314),np.float64(0.17981073260307312)
64,np.float64(0.17703239619731903),np.float64(0.422985315322876),np.float64(0.3257042169570923),np.float64(0.47972333431243896),np.float64(0.8530321717262268),np.float64(0.32947787642478943),np.float64(0.31278541684150696),np.float64(0.40635478496551514),np.float64(0.2250475436449051),np.float64(0.15867014229297638)
65,np.float64(0.21000446379184723),np.float64(0.4901675879955292),np.float64(0.3043755888938904),np.float64(0.6113711595535278),np.float64(1.0707693099975586),np.float64(0.31899377703666687),np.float64(0.3911777436733246),np.float64(0.4446767270565033),np.float64(0.1934998482465744),np.float64(0.15836332738399506)
66,np.float64(-0.5393157005310059),np.float64(0.5818626880645752),np.float64(0.34297266602516174),np.float64(1.0566784143447876),np.float64(0.9650498628616333),np.float64(1.5909605026245117),np.float64(0.5723719596862793),np.float64(0.25945839285850525),np.float64(0.15449972450733185),np.float64(0.16141927242279053)
67,np.float64(-0.1840403974056244),np.float64(0.502240777015686),np.float64(0.5659971833229065),np.float64(-0.2903181314468384),np.float64(0.15599031746387482),np.float64(-0.1441483199596405),np.float64(0.21888457238674164),np.float64(1.3955118656158447),np.float64(-1.0854724645614624),np.float64(0.3533511757850647)
68,np.float64(0.2379227727651596),np.float64(0.5821778774261475),np.float64(0.31333261728286743),np.float64(0.9828360676765442),np.float64(1.1803436279296875),np.float64(0.2962856590747833),np.float64(0.42968279123306274),np.float64(0.46483781933784485),np.float64(0.1722322404384613),np.float64(0.16600826382637024)
69,np.float64(0.1949826031923294),np.float64(0.495476096868515),np.float64(0.3011167049407959),np.float64(0.5719035863876343),np.float64(1.0609323978424072),np.float64(0.30842921137809753),np.float64(0.3801979124546051),np.float64(0.42105334997177124),np.float64(0.23435078561306),np.float64(0.12310593575239182)
70,np.float64(0.21677349507808685),np.float64(0.505192756652832),np.float64(0.30884644389152527),np.float64(0.7387604713439941),np.float64(1.164076328277588),np.float64(0.3227972686290741),np.float64(0.42689433693885803),np.float64(0.4172273874282837),np.float64(0.2586333155632019),np.float64(0.17354580760002136)
71,np.float64(0.21251817047595978),np.float64(0.47827979922294617),np.float64(0.32898277044296265),np.float64(0.7136675715446472),np.float64(0.9384647011756897),np.float64(0.32777518033981323),np.float64(0.41175833344459534),np.float64(0.3915218114852905),np.float64(0.27234524488449097),np.float64(0.21699218451976776)
72,np.float64(0.17966407537460327),np.float64(0.4103632867336273),np.float64(0.2859639525413513),np.float64(0.5779449939727783),np.float64(1.0052748918533325),np.float64(0.3452666401863098),np.float64(0.42985132336616516),np.float64(0.41093143820762634),np.float64(0.21951226890087128),np.float64(0.1303013563156128)
73,np.float64(0.2861262857913971),np.float64(0.6066702008247375),np.float64(0.37279435992240906),np.float64(1.2407137155532837),np.float64(1.2261099815368652),np.float64(0.28649404644966125),np.float64(0.483676016330719),np.float64(0.43050137162208557),np.float64(0.20757509768009186),np.float64(0.28203320503234863)
74,np.float64(0.24316562712192535),np.float64(0.6264796853065491),np.float64(0.3312252461910248),np.float64(0.7196334600448608),np.float64(1.2914249897003174),np.float64(0.2890223264694214),np.float64(0.37912723422050476),np.float64(0.43392184376716614),np.float64(0.24274758994579315),np.float64(0.16026876866817474)
75,np.float64(0.042359817773103714),np.float64(0.6313214302062988),np.float64(-0.5765007734298706),np.float64(0.42260509729385376),np.float64(0.7306641936302185),np.float64(0.9877697825431824),np.float64(1.5694845914840698),np.float64(-0.8872315883636475),np.float64(0.15909278392791748),np.float64(0.14736181497573853)
76,np.float64(0.2080370932817459),np.float64(0.49489063024520874),np.float64(0.29145851731300354),np.float64(0.6986861824989319),np.float64(1.1707544326782227),np.float64(0.3183656632900238),np.float64(0.41085946559906006),np.float64(0.45121172070503235),np.float64(0.22670970857143402),np.float64(0.1640302687883377)
77,np.float64(0.2016269713640213),np.float64(0.4752025008201599),np.float64(0.3203617036342621),np.float64(0.6903046369552612),np.float64(1.136224627494812),np.float64(0.3263064920902252),np.float64(0.39113783836364746),np.float64(0.4243467450141907),np.float64(0.24272768199443817),np.float64(0.16123411059379578)
78,np.float64(0.16423021256923676),np.float64(0.3881647288799286),np.float64(0.26429229974746704),np.float64(0.6289058327674866),np.float64(1.256421685218811),np.float64(0.3634811043739319),np.float64(0.4342128336429596),np.float64(0.37229496240615845),np.float64(0.16469138860702515),np.float64(0.10356901586055756)
79,np.float64(0.19652889668941498),np.float64(0.4235476851463318),np.float64(0.3148418962955475),np.float64(0.6788705587387085),np.float64(0.7967098355293274),np.float64(0.3478357195854187),np.float64(0.42184004187583923),np.float64(0.3914768397808075),np.float64(0.20787417888641357),np.float64(0.18786683678627014)
80,np.float64(0.18863661587238312),np.float64(0.4599362909793854),np.float64(0.27568548917770386),np.float64(0.47880464792251587),np.float64(1.0409265756607056),np.float64(0.3084787130355835),np.float64(0.3591243028640747),np.float64(0.47130391001701355),np.float64(0.19275034964084625),np.float64(0.10853991657495499)
81,np.float64(0.2201693207025528),np.float64(0.482030987739563),np.float64(0.3088953197002411),np.float64(1.0185933113098145),np.float64(0.9434948563575745),np.float64(0.3204971253871918),np.float64(0.4847256541252136),np.float64(0.42075014114379883),np.float64(0.16088512539863586),np.float64(0.16102641820907593)
82,np.float64(0.21438558399677277),np.float64(0.49863728880882263),np.float64(0.3078562021255493),np.float64(0.6910125613212585),np.float64(1.1728471517562866),np.float64(0.3204505741596222),np.float64(0.4033789038658142),np.float64(0.42941707372665405),np.float64(0.21433544158935547),np.float64(0.16674529016017914)
83,np.float64(0.217682883143425),np.float64(0.44179409742355347),np.float64(0.2951928675174713),np.float64(0.808934211730957),np.float64(0.8195862770080566),np.float64(0.3359336256980896),np.float64(0.4694487154483795),np.float64(0.40087807178497314),np.float64(0.18255281448364258),np.float64(0.20469051599502563)
84,np.float64(0.20738492906093597),np.float64(0.5393844842910767),np.float64(0.3284973204135895),np.float64(0.5853479504585266),np.float64(1.4091860055923462),np.float64(0.298213392496109),np.float64(0.33172938227653503),np.float64(0.4545181691646576),np.float64(0.23165854811668396),np.float64(0.14051282405853271)
85,np.float64(0.20909994840621948),np.float64(0.5980365872383118),np.float64(0.4567607045173645),np.float64(0.33131662011146545),np.float64(0.7006812691688538),np.float64(0.2824128270149231),np.float64(0.20435339212417603),np.float64(0.36016836762428284),np.float64(0.29209959506988525),np.float64(0.14067839086055756)
86,np.float64(0.2145434021949768),np.float64(0.5206787586212158),np.float64(0.3006724715232849),np.float64(0.6703532338142395),np.float64(1.1479158401489258),np.float64(0.3083728849887848),np.float64(0.38733959197998047),np.float64(0.4375571310520172),np.float64(0.23759044706821442),np.float64(0.15486524999141693)
87,np.float64(0.2258281260728836),np.float64(0.5971171855926514),np.float64(0.3327433168888092),np.float64(0.5833106637001038),np.float64(1.2663143873214722),np.float64(0.29103416204452515),np.float64(0.3426229655742645),np.float64(0.4576262831687927),np.float64(0.2252177894115448),np.float64(0.14815910160541534)
88,np.float64(0.24659894406795502),np.float64(0.5266042351722717),np.float64(0.34720978140830994),np.float64(1.0227519273757935),np.float64(1.130444884300232),np.float64(0.32322901487350464),np.float64(0.46847161650657654),np.float64(0.4052404761314392),np.float64(0.20982493460178375),np.float64(0.19090282917022705)
89,np.float64(0.20869922637939453),np.float64(0.5127222537994385),np.float64(0.3028772175312042),np.float64(0.6301639080047607),np.float64(1.2031536102294922),np.float64(0.3062121570110321),np.float64(0.37990596890449524),np.float64(0.4588709771633148),np.float64(0.22468550503253937),np.float64(0.13363109529018402)
90,np.float64(0.24142886698246002),np.float64(0.6245384216308594),np.float64(0.3260456919670105),np.float64(0.8712570071220398),np.float64(1.2811068296432495),np.float64(0.28569507598876953),np.float64(0.37139829993247986),np.float64(0.4814658463001251),np.float64(0.19777747988700867),np.float64(0.17776145040988922)
91,np.float64(0.19886262714862823),np.float64(0.45969507098197937),np.float64(0.2936308979988098),np.float64(0.6106418967247009),np.float64(0.9437398314476013),np.float64(0.3261493444442749),np.float64(0.4098457396030426),np.float64(0.46191471815109253),np.float64(0.16638986766338348),np.float64(0.13777010142803192)
92,np.float64(0.19752991199493408),np.float64(0.41203874349594116),np.float64(0.2756872773170471),np.float64(0.6749188899993896),np.float64(0.9324726462364197),np.float64(0.3457281291484833),np.float64(0.4705348014831543),np.float64(0.4421074092388153),np.float64(0.2174144834280014),np.float64(0.1742691993713379)
93,np.float64(0.18725258111953735),np.float64(0.43133142590522766),np.float64(0.28592485189437866),np.float64(0.5838102698326111),np.float64(1.1094640493392944),np.float64(0.32789528369903564),np.float64(0.3997867703437805),np.float64(0.4382231533527374),np.float64(0.22434517741203308),np.float64(0.11745084077119827)
94,np.float64(0.26693636178970337),np.float64(0.5955732464790344),np.float64(0.3260743319988251),np.float64(1.1602745056152344),np.float64(1.22908353805542),np.float64(0.28800657391548157),np.float64(0.45343056321144104),np.float64(0.40397438406944275),np.float64(0.19696912169456482),np.float64(0.1892375648021698)
95,np.float64(0.1934286206960678),np.float64(0.4626026749610901),np.float64(0.30096080899238586),np.float64(0.5395464301109314),np.float64(1.1373412609100342),np.float64(0.3118949830532074),np.float64(0.3474680781364441),np.float64(0.4589557349681854),np.float64(0.2614528238773346),np.float64(0.14772310853004456)
96,np.float64(0.18437722325325012),np.float64(0.44564342498779297),np.float64(0.31414201855659485),np.float64(0.44948700070381165),np.float64(1.0166517496109009),np.float64(0.3138701617717743),np.float64(0.31713131070137024),np.float64(0.4155332148075104),np.float64(0.2406948059797287),np.float64(0.12006738781929016)
97,np.float64(0.23609091341495514),np.float64(0.5037276744842529),np.float64(0.28508439660072327),np.float64(0.8194581270217896),np.float64(0.999695897102356),np.float64(0.33706822991371155),np.float64(0.49701201915740967),np.float64(0.4400077760219574),np.float64(0.2121250033378601),np.float64(0.20684455335140228)
98,np.float64(0.1950085461139679),np.float64(0.4410487711429596),np.float64(0.2892037332057953),np.float64(0.6241417527198792),np.float64(1.0168200731277466),np.float64(0.3451593220233917),np.float64(0.43243324756622314),np.float64(0.4269537925720215),np.float64(0.2642717957496643),np.float64(0.18809643387794495)
99,np.float64(-0.5275095105171204),np.float64(-0.01288139820098877),np.float64(0.5226562023162842),np.float64(0.309085488319397),np.float64(2.1547210216522217),np.float64(0.652827799320221),np.float64(0.9159771203994751),np.float64(0.6824349164962769),np.float64(0.20159979164600372),np.float64(0.15763352811336517)
100,np.float64(0.1906081885099411),np.float64(0.48849254846572876),np.float64(0.3353535830974579),np.float64(0.5453608632087708),np.float64(2.1019387245178223),np.float64(0.30099916458129883),np.float64(0.3260054886341095),np.float64(0.45552754402160645),np.float64(0.19784030318260193),np.float64(0.14019429683685303)
101,np.float64(0.19565875828266144),np.float64(0.42970988154411316),np.float64(0.2867435812950134),np.float64(0.6091143488883972),np.float64(0.9256276488304138),np.float64(0.3417510688304901),np.float64(0.43459972739219666),np.float64(0.44211050868034363),np.float64(0.20374011993408203),np.float64(0.14890369772911072)
102,np.float64(0.25862613320350647),np.float64(0.6677476763725281),np.float64(0.31612974405288696),np.float64(0.9300820827484131),np.float64(1.381479024887085),np.float64(0.28104063868522644),np.float64(0.4025886654853821),np.float64(0.49442416429519653),np.float64(0.19717925786972046),np.float64(0.18126580119132996)
103,np.float64(0.2582457661628723),np.float64(0.7504936456680298),np.float64(0.33646219968795776),np.float64(0.7931806445121765),np.float64(1.3167049884796143),np.float64(0.27439990639686584),np.float64(0.3637707531452179),np.float64(0.4321868121623993),np.float64(0.2522061765193939),np.float64(0.20032738149166107)
104,np.float64(-0.4646992087364197),np.float64(0.4881930351257324),np.float64(0.39123284816741943),np.float64(1.1136829853057861),np.float64(1.1286593675613403),np.float64(1.584091067314148),np.float64(0.6975823640823364),np.float64(0.29994165897369385),np.float64(0.19794556498527527),np.float64(0.20116528868675232)
105,np.float64(0.18466287851333618),np.float64(0.4518964886665344),np.float64(0.3054763376712799),np.float64(0.40006375312805176),np.float64(0.9352365136146545),np.float64(0.29697364568710327),np.float64(0.2928429841995239),np.float64(0.45496657490730286),np.float64(0.25516238808631897),np.float64(0.10084063559770584)
106,np.float64(0.20928668975830078),np.float64(0.5106115937232971),np.float64(0.3265734612941742),np.float64(0.7014271020889282),np.float64(1.0570873022079468),np.float64(0.31659895181655884),np.float64(0.4014603793621063),np.float64(0.4076976776123047),np.float64(0.2602675259113312),np.float64(0.16507530212402344)
107,np.float64(0.21334291994571686),np.float64(0.4775433838367462),np.float64(0.3044113516807556),np.float64(0.7351520657539368),np.float64(1.064038634300232),np.float64(0.3251486122608185),np.float64(0.43270817399024963),np.float64(0.4153779447078705),np.float64(0.24588075280189514),np.float64(0.22503013908863068)
108,np.float64(0.24403665959835052),np.float64(0.6989609599113464),np.float64(0.307182639837265),np.float64(1.0619858503341675),np.float64(1.3090629577636719),np.float64(0.2826193571090698),np.float64(0.4094994366168976),np.float64(0.39476707577705383),np.float64(0.185548335313797),np.float64(0.17682214081287384)
109,np.float64(0.21688005328178406),np.float64(0.5608697533607483),np.float64(0.35021916031837463),np.float64(0.5674625635147095),np.float64(1.1095130443572998),np.float64(0.29661962389945984),np.float64(0.3343488276004791),np.float64(0.42224639654159546),np.float64(0.24606512486934662),np.float64(0.12599609792232513)
110,np.float64(0.16076673567295074),np.float64(0.40852090716362),np.float64(0.3285362720489502),np.float64(0.5169467329978943),np.float64(0.9234948754310608),np.float64(0.33562061190605164),np.float64(0.33942344784736633),np.float64(0.45113059878349304),np.float64(0.21906046569347382),np.float64(0.14714360237121582)
111,np.float64(0.253978431224823),np.float64(0.42117759585380554),np.float64(0.3624557554721832),np.float64(0.8733403086662292),np.float64(0.8562347888946533),np.float64(0.35493624210357666),np.float64(0.5661675930023193),np.float64(0.3793020248413086),np.float64(0.22215183079242706),np.float64(0.24069342017173767)
112,np.float64(0.1716405600309372),np.float64(0.39000263810157776),np.float64(0.3034778833389282),np.float64(0.5325514078140259),np.float64(1.0233057737350464),np.float64(0.3503429889678955),np.float64(0.38233113288879395),np.float64(0.4024679362773895),np.float64(0.2042769491672516),np.float64(0.11999056488275528)
113,np.float64(0.2400306910276413),np.float64(0.5322471857070923),np.float64(0.3306830823421478),np.float64(1.096739649772644),np.float64(0.9849897027015686),np.float64(0.302655428647995),np.float64(0.4670352339744568),np.float64(0.4528868794441223),np.float64(0.1671365201473236),np.float64(0.17987318336963654)
114,np.float64(0.20239847898483276),np.float64(0.5240646600723267),np.float64(0.3327728807926178),np.float64(0.5710853338241577),np.float64(1.6577447652816772),np.float64(0.3025803864002228),np.float64(0.34637734293937683),np.float64(0.48142436146736145),np.float64(0.19294102489948273),np.float64(0.16375192999839783)
115,np.float64(0.20572052896022797),np.float64(0.44015324115753174),np.float64(0.3109738230705261),np.float64(0.7281896471977234),np.float64(0.7126519083976746),np.float64(0.34263280034065247),np.float64(0.4454267621040344),np.float64(0.3746158182621002),np.float64(0.22520089149475098),np.float64(0.20089468359947205)
116,np.float64(0.2349434494972229),np.float64(0.43247494101524353),np.float64(0.3154560327529907),np.float64(0.8213108777999878),np.float64(0.9626405835151672),np.float64(0.3453821837902069),np.float64(0.5068398714065552),np.float64(0.40305620431900024),np.float64(0.21771691739559174),np.float64(0.20283791422843933)
117,np.float64(0.2474842518568039),np.float64(0.6662378907203674),np.float64(0.38057902455329895),np.float64(0.5359719395637512),np.float64(1.321503758430481),np.float64(0.2749207317829132),np.float64(0.30984073877334595),np.float64(0.4521297812461853),np.float64(0.20097452402114868),np.float64(0.15054862201213837)
118,np.float64(0.2144170105457306),np.float64(0.4706568121910095),np.float64(0.28437483310699463),np.float64(0.7944245934486389),np.float64(1.027521014213562),np.float64(0.3227795362472534),np.float64(0.46140560507774353),np.float64(0.4310389757156372),np.float64(0.17768734693527222),np.float64(0.1545528918504715)
119,np.float64(0.2408972680568695),np.float64(0.4570213258266449),np.float64(0.3346145749092102),np.float64(0.9910240769386292),np.float64(0.8412320613861084),np.float64(0.3334901034832001),np.float64(0.48753130435943604),np.float64(0.3937353491783142),np.float64(0.17711789906024933),np.float64(0.17381590604782104)
120,np.float64(0.2514589726924896),np.float64(0.628954291343689),np.float64(0.31200912594795227),np.float64(0.8806849718093872),np.float64(1.3588405847549438),np.float64(0.28468629717826843),np.float64(0.4293072521686554),np.float64(0.4399888217449188),np.float64(0.17354413866996765),np.float64(0.1561564952135086)
121,np.float64(0.254748672246933),np.float64(0.6464133262634277),np.float64(0.3252457082271576),np.float64(0.6556693911552429),np.float64(1.0736992359161377),np.float64(0.28171148896217346),np.float64(0.36303502321243286),np.float64(0.43368759751319885),np.float64(0.23382672667503357),np.float64(0.16704413294792175)
122,np.float64(0.2125774770975113),np.float64(0.5815022587776184),np.float64(0.2576078176498413),np.float64(0.8706958293914795),np.float64(0.8830147981643677),np.float64(0.30111590027809143),np.float64(0.4906376302242279),np.float64(0.4048948884010315),np.float64(0.13943059742450714),np.float64(0.18522916734218597)
123,np.float64(0.2779068052768707),np.float64(0.7459192276000977),np.float64(0.3318120241165161),np.float64(1.2697725296020508),np.float64(1.1821842193603516),np.float64(0.26290443539619446),np.float64(0.3692529499530792),np.float64(0.4192277491092682),np.float64(0.17027688026428223),np.float64(0.300617516040802)
124,np.float64(0.19684314727783203),np.float64(0.3046416640281677),np.float64(0.45353206992149353),np.float64(-0.2116008847951889),np.float64(0.7020002603530884),np.float64(0.36913102865219116),np.float64(0.3326508700847626),np.float64(1.404005527496338),np.float64(-0.9287711381912231),np.float64(0.10530155152082443)
125,np.float64(0.25394612550735474),np.float64(0.37473875284194946),np.float64(0.4140888452529907),np.float64(0.8324061036109924),np.float64(0.985881507396698),np.float64(0.3922520875930786),np.float64(0.47768017649650574),np.float64(0.34133782982826233),np.float64(0.2100355178117752),np.float64(0.1943700611591339)
126,np.float64(0.1876044124364853),np.float64(0.45285728573799133),np.float64(0.32360467314720154),np.float64(0.5339453220367432),np.float64(0.986452579498291),np.float64(0.3231148421764374),np.float64(0.3510761260986328),np.float64(0.416469544172287),np.float64(0.2064608782529831),np.float64(0.12518540024757385)
127,np.float64(0.21392199397087097),np.float64(0.4101213216781616),np.float64(0.3399386703968048),np.float64(0.668237566947937),np.float64(0.9960442185401917),np.float64(0.3680912256240845),np.float64(0.45379284024238586),np.float64(0.3771352171897888),np.float64(0.23709408938884735),np.float64(0.1567542552947998)
128,np.float64(0.18311655521392822),np.float64(0.4464171826839447),np.float64(0.3549800217151642),np.float64(0.4358872175216675),np.float64(0.9075441360473633),np.float64(0.319573312997818),np.float64(0.3020537197589874),np.float64(0.4161553680896759),np.float64(0.25605759024620056),np.float64(0.13714785873889923)
129,np.float64(0.28920432925224304),np.float64(0.6166686415672302),np.float64(0.28380218148231506),np.float64(1.139784812927246),np.float64(1.1600430011749268),np.float64(0.2799479067325592),np.float64(0.5053688883781433),np.float64(0.41293904185295105),np.float64(0.19174917042255402),np.float64(0.1895853728055954)
130,np.float64(0.2096884399652481),np.float64(0.5308043956756592),np.float64(0.3199182450771332),np.float64(0.5723217129707336),np.float64(1.0569618940353394),np.float64(0.30257970094680786),np.float64(0.37009647488594055),np.float64(0.432445228099823),np.float64(0.21707749366760254),np.float64(0.11674278229475021)
131,np.float64(0.18982955813407898),np.float64(0.46658483147621155),np.float64(0.3381851017475128),np.float64(0.5480694770812988),np.float64(1.0206291675567627),np.float64(0.32584962248802185),np.float64(0.34265005588531494),np.float64(0.42484530806541443),np.float64(0.29034313559532166),np.float64(0.17576387524604797)
132,np.float64(0.2342342883348465),np.float64(0.47249534726142883),np.float64(0.3473493158817291),np.float64(0.776679277420044),np.float64(0.9826419353485107),np.float64(0.3491930067539215),np.float64(0.47176870703697205),np.float64(0.3988916873931885),np.float64(0.2511899471282959),np.float64(0.23010888695716858)
133,np.float64(0.20560355484485626),np.float64(0.5130013227462769),np.float64(0.27122893929481506),np.float64(0.6623346209526062),np.float64(1.1244451999664307),np.float64(0.3151341676712036),np.float64(0.42245423793792725),np.float64(0.44084030389785767),np.float64(0.21773409843444824),np.float64(0.1462833136320114)
134,np.float64(0.16812583804130554),np.float64(0.39300256967544556),np.float64(0.3000960648059845),np.float64(0.4967440962791443),np.float64(0.882037341594696),np.float64(0.348267525434494),np.float64(0.38578182458877563),np.float64(0.42650216817855835),np.float64(0.23116284608840942),np.float64(0.12504829466342926)
135,np.float64(0.2169097512960434),np.float64(0.45155492424964905),np.float64(0.3028792142868042),np.float64(0.8284830451011658),np.float64(1.2328487634658813),np.float64(0.3284391164779663),np.float64(0.4677249789237976),np.float64(0.39811715483665466),np.float64(0.1444890946149826),np.float64(0.13348636031150818)
136,np.float64(0.21067529916763306),np.float64(0.5002073049545288),np.float64(0.2837581932544708),np.float64(0.6109356880187988),np.float64(1.0550605058670044),np.float64(0.3192477524280548),np.float64(0.40428709983825684),np.float64(0.4439376890659332),np.float64(0.23445823788642883),np.float64(0.1736077517271042)
137,np.float64(0.24451084434986115),np.float64(0.5662921667098999),np.float64(0.2867181897163391),np.float64(0.9607341885566711),np.float64(1.150327205657959),np.float64(0.2988813817501068),np.float64(0.46038374304771423),np.float64(0.43322619795799255),np.float64(0.1414802372455597),np.float64(0.17154556512832642)
138,np.float64(0.2190215140581131),np.float64(0.42850953340530396),np.float64(0.2931824326515198),np.float64(0.817505955696106),np.float64(0.8016089200973511),np.float64(0.3407049775123596),np.float64(0.49442121386528015),np.float64(0.404109925031662),np.float64(0.18891890347003937),np.float64(0.21546727418899536)
139,np.float64(0.28022846579551697),np.float64(0.6470023393630981),np.float64(0.3032301962375641),np.float64(1.0587599277496338),np.float64(1.3102221488952637),np.float64(0.2846777141094208),np.float64(0.47675666213035583),np.float64(0.45875823497772217),np.float64(0.1782253235578537),np.float64(0.21765610575675964)
140,np.float64(0.2049378752708435),np.float64(0.5213490724563599),np.float64(0.32424628734588623),np.float64(0.5489393472671509),np.float64(1.1397525072097778),np.float64(0.30029597878456116),np.float64(0.3419208824634552),np.float64(0.4729887545108795),np.float64(0.17581652104854584),np.float64(0.13181418180465698)
141,np.float64(0.19633424282073975),np.float64(0.4442943334579468),np.float64(0.27986231446266174),np.float64(0.7059783339500427),np.float64(1.0883110761642456),np.float64(0.33230555057525635),np.float64(0.4181767404079437),np.float64(0.44370225071907043),np.float64(0.2088577002286911),np.float64(0.14897562563419342)
142,np.float64(0.21397238969802856),np.float64(0.5437706708908081),np.float64(0.3162040710449219),np.float64(0.5926720499992371),np.float64(1.3058570623397827),np.float64(0.2976023554801941),np.float64(0.34607455134391785),np.float64(0.4585224688053131),np.float64(0.1964353770017624),np.float64(0.14844809472560883)
143,np.float64(0.21713541448116302),np.float64(0.4870101809501648),np.float64(0.2889290750026703),np.float64(0.656757652759552),np.float64(1.1426008939743042),np.float64(0.3201122581958771),np.float64(0.43614116311073303),np.float64(0.4147089719772339),np.float64(0.22113549709320068),np.float64(0.14469218254089355)
144,np.float64(0.24934634566307068),np.float64(0.6628637313842773),np.float64(0.3027222156524658),np.float64(0.8120682835578918),np.float64(1.2567181587219238),np.float64(0.2818257212638855),np.float64(0.3755266070365906),np.float64(0.44455501437187195),np.float64(0.24493645131587982),np.float64(0.20111742615699768)
145,np.float64(0.2026255577802658),np.float64(0.5700784921646118),np.float64(0.4231663644313812),np.float64(0.40050873160362244),np.float64(1.6787973642349243),np.float64(0.284166157245636),np.float64(0.2533082365989685),np.float64(0.4558641314506531),np.float64(0.24918675422668457),np.float64(0.1431962549686432)
146,np.float64(0.20479191839694977),np.float64(0.6232582330703735),np.float64(0.5250148773193359),np.float64(0.3471038341522217),np.float64(2.262354850769043),np.float64(0.2762684226036072),np.float64(0.20496536791324615),np.float64(0.45515012741088867),np.float64(0.3103710114955902),np.float64(0.15464241802692413)
147,np.float64(0.19687245786190033),np.float64(0.4980999529361725),np.float64(0.3827716112136841),np.float64(0.35629209876060486),np.float64(1.4787567853927612),np.float64(0.29195117950439453),np.float64(0.25386154651641846),np.float64(0.44306495785713196),np.float64(0.2630879282951355),np.float64(0.15541745722293854)
148,np.float64(0.24982638657093048),np.float64(0.5295965075492859),np.float64(0.2855745255947113),np.float64(0.9349140524864197),np.float64(0.9696071743965149),np.float64(0.3032477796077728),np.float64(0.5297691822052002),np.float64(0.4241904020309448),np.float64(0.17636658251285553),np.float64(0.1854330450296402)
149,np.float64(0.28913411498069763),np.float64(0.3339409828186035),np.float64(0.5464692711830139),np.float64(0.8486592769622803),np.float64(0.9465489983558655),np.float64(0.4048762619495392),np.float64(0.46329712867736816),np.float64(0.27208036184310913),np.float64(0.19406002759933472),np.float64(0.1746683269739151)
150,np.float64(0.19670425355434418),np.float64(0.5076944828033447),np.float64(0.35960638523101807),np.float64(0.4821767508983612),np.float64(1.1090713739395142),np.float64(0.306063175201416),np.float64(0.309859037399292),np.float64(0.4511825740337372),np.float64(0.19861552119255066),np.float64(0.14202575385570526)
151,np.float64(0.18866781890392303),np.float64(0.4432537853717804),np.float64(0.3058767318725586),np.float64(0.6566148400306702),np.float64(1.0719959735870361),np.float64(0.3315708637237549),np.float64(0.3857949674129486),np.float64(0.42567768692970276),np.float64(0.2448190301656723),np.float64(0.16320586204528809)
152,np.float64(0.1924605667591095),np.float64(0.4642295837402344),np.float64(0.2923681139945984),np.float64(0.5983242392539978),np.float64(1.2329730987548828),np.float64(0.31645092368125916),np.float64(0.3710969388484955),np.float64(0.4502384662628174),np.float64(0.24897648394107819),np.float64(0.12979085743427277)
153,np.float64(0.20413492619991302),np.float64(0.4635656774044037),np.float64(0.2695268988609314),np.float64(0.8100050687789917),np.float64(0.930075466632843),np.float64(0.33357182145118713),np.float64(0.48024889826774597),np.float64(0.43416154384613037),np.float64(0.1582169383764267),np.float64(0.1909627467393875)
154,np.float64(0.18657422065734863),np.float64(0.4453553259372711),np.float64(0.2719995081424713),np.float64(0.6346144080162048),np.float64(1.1006460189819336),np.float64(0.3375784456729889),np.float64(0.4276849627494812),np.float64(0.4034782350063324),np.float64(0.24717748165130615),np.float64(0.19081462919712067)
155,np.float64(0.25389564037323),np.float64(0.6571270823478699),np.float64(0.33375367522239685),np.float64(0.7713958621025085),np.float64(1.2490757703781128),np.float64(0.27841058373451233),np.float64(0.38019850850105286),np.float64(0.44319888949394226),np.float64(0.1479071080684662),np.float64(0.14229390025138855)
156,np.float64(0.24098417162895203),np.float64(0.6175048351287842),np.float64(0.29754799604415894),np.float64(1.0106785297393799),np.float64(1.1415759325027466),np.float64(0.28969934582710266),np.float64(0.43470603227615356),np.float64(0.42949816584587097),np.float64(0.2088325470685959),np.float64(0.22865550220012665)
157,np.float64(0.1871761679649353),np.float64(0.4934171736240387),np.float64(0.3848510980606079),np.float64(0.35779544711112976),np.float64(1.8484578132629395),np.float64(0.306552529335022),np.float64(0.27076080441474915),np.float64(0.4424663782119751),np.float64(0.23206424713134766),np.float64(0.15971878170967102)
158,np.float64(0.18803104758262634),np.float64(0.44948768615722656),np.float64(0.2790429890155792),np.float64(0.7952609062194824),np.float64(-0.07762748003005981),np.float64(0.3248903751373291),np.float64(0.4370841681957245),np.float64(0.40631452202796936),np.float64(1.0076385736465454),np.float64(-0.8372048735618591)
159,np.float64(0.15647631883621216),np.float64(0.41942647099494934),np.float64(0.6254702210426331),np.float64(-0.238481342792511),np.float64(0.45270976424217224),np.float64(0.3236871361732483),np.float64(0.2061534821987152),np.float64(1.403080701828003),np.float64(-0.8922758102416992),np.float64(0.17662152647972107)
160,np.float64(0.1976100653409958),np.float64(0.4706839621067047),np.float64(0.2984446883201599),np.float64(0.5614861249923706),np.float64(0.9612386226654053),np.float64(0.3214225471019745),np.float64(0.3835741877555847),np.float64(0.44194021821022034),np.float64(0.24326711893081665),np.float64(0.1806725412607193)
161,np.float64(0.17957043647766113),np.float64(0.4138578176498413),np.float64(0.29270076751708984),np.float64(0.45533639192581177),np.float64(0.9818377494812012),np.float64(0.3259502053260803),np.float64(0.3441656827926636),np.float64(0.42360079288482666),np.float64(0.23690350353717804),np.float64(0.11879294365644455)
162,np.float64(0.22062556445598602),np.float64(0.493202805519104),np.float64(0.37745562195777893),np.float64(1.5658161640167236),np.float64(0.7726655602455139),np.float64(0.3224053382873535),np.float64(0.4087902009487152),np.float64(0.3309754431247711),np.float64(0.23812426626682281),np.float64(0.2438599169254303)
163,np.float64(0.271605908870697),np.float64(0.6589820981025696),np.float64(0.2815776467323303),np.float64(0.8137162327766418),np.float64(1.357009768486023),np.float64(0.2743709087371826),np.float64(0.4335566759109497),np.float64(0.43571174144744873),np.float64(0.2296263575553894),np.float64(0.1799377053976059)
164,np.float64(0.2950507402420044),np.float64(0.7729166150093079),np.float64(0.35226327180862427),np.float64(1.6233363151550293),np.float64(1.3637728691101074),np.float64(0.25172412395477295),np.float64(0.4074590802192688),np.float64(0.45895880460739136),np.float64(0.2043880969285965),np.float64(0.27141380310058594)
165,np.float64(0.18572914600372314),np.float64(0.43746626377105713),np.float64(0.2535851001739502),np.float64(0.5075910687446594),np.float64(1.025222897529602),np.float64(0.3185186982154846),np.float64(0.37782394886016846),np.float64(0.48344865441322327),np.float64(0.22613608837127686),np.float64(0.12192060798406601)
166,np.float64(0.23236891627311707),np.float64(0.35513049364089966),np.float64(0.3780514597892761),np.float64(0.7513935565948486),np.float64(0.7663437724113464),np.float64(0.4081425070762634),np.float64(0.49996885657310486),np.float64(0.3357756435871124),np.float64(0.19619867205619812),np.float64(0.1687401384115219)
167,np.float64(0.2033969759941101),np.float64(0.5967262387275696),np.float64(0.49791663885116577),np.float64(0.333002507686615),np.float64(2.1109020709991455),np.float64(0.2694702446460724),np.float64(0.20335644483566284),np.float64(0.4199386239051819),np.float64(0.3637882173061371),np.float64(0.1261860877275467)
168,np.float64(0.1996774673461914),np.float64(0.5077326893806458),np.float64(0.2788703739643097),np.float64(0.7581231594085693),np.float64(1.2150354385375977),np.float64(0.31476330757141113),np.float64(0.41948744654655457),np.float64(0.4435688555240631),np.float64(0.23164160549640656),np.float64(0.1607995182275772)
169,np.float64(0.19603095948696136),np.float64(0.48034319281578064),np.float64(0.3049129843711853),np.float64(0.6654664874076843),np.float64(1.159643292427063),np.float64(0.3098197281360626),np.float64(0.37821972370147705),np.float64(0.4310438334941864),np.float64(0.24265915155410767),np.float64(0.14087340235710144)
170,np.float64(0.22677989304065704),np.float64(0.5110974311828613),np.float64(0.3083578050136566),np.float64(0.834537148475647),np.float64(1.1584913730621338),np.float64(0.3119538426399231),np.float64(0.4265264570713043),np.float64(0.44779103994369507),np.float64(0.17378151416778564),np.float64(0.16567672789096832)
171,np.float64(0.24489222466945648),np.float64(0.35937103629112244),np.float64(0.43319767713546753),np.float64(0.9216427803039551),np.float64(0.95774245262146),np.float64(0.40823596715927124),np.float64(0.5194757580757141),np.float64(0.37132322788238525),np.float64(0.22268524765968323),np.float64(0.21152262389659882)
172,np.float64(0.20621614158153534),np.float64(0.5134775638580322),np.float64(0.318538635969162),np.float64(0.570921778678894),np.float64(1.2725350856781006),np.float64(0.30653664469718933),np.float64(0.33702269196510315),np.float64(0.45444154739379883),np.float64(0.19765262305736542),np.float64(0.13857875764369965)
173,np.float64(0.22162111103534698),np.float64(0.5153796076774597),np.float64(0.3026846945285797),np.float64(0.7596129179000854),np.float64(1.0937013626098633),np.float64(0.32064124941825867),np.float64(0.45426443219184875),np.float64(0.4047054350376129),np.float64(0.1622707098722458),np.float64(0.17655310034751892)
174,np.float64(0.2218630164861679),np.float64(0.5988712906837463),np.float64(0.4209865927696228),np.float64(0.47341257333755493),np.float64(0.923500657081604),np.float64(0.2821432948112488),np.float64(0.26239845156669617),np.float64(0.3995186388492584),np.float64(0.2804902195930481),np.float64(0.15594062209129333)
175,np.float64(0.22030949592590332),np.float64(0.5990722179412842),np.float64(0.28739744424819946),np.float64(1.0137526988983154),np.float64(0.876192569732666),np.float64(0.29716259241104126),np.float64(0.45361095666885376),np.float64(0.3798188865184784),np.float64(0.12962639331817627),np.float64(0.16888907551765442)
176,np.float64(0.20050817728042603),np.float64(0.46754395961761475),np.float64(0.3114500641822815),np.float64(0.6519394516944885),np.float64(1.0979098081588745),np.float64(0.3242933452129364),np.float64(0.3922836184501648),np.float64(0.42336076498031616),np.float64(0.2385374903678894),np.float64(0.16257613897323608)
177,np.float64(0.19800730049610138),np.float64(0.4831749200820923),np.float64(0.3054111897945404),np.float64(0.6693330407142639),np.float64(1.0093743801116943),np.float64(0.33436325192451477),np.float64(0.42126181721687317),np.float64(0.4272695481777191),np.float64(0.21099326014518738),np.float64(0.15738767385482788)
178,np.float64(0.19950242340564728),np.float64(0.47281306982040405),np.float64(0.28332236409187317),np.float64(0.6032631397247314),np.float64(1.029764175415039),np.float64(0.32294929027557373),np.float64(0.4294920861721039),np.float64(0.4384337067604065),np.float64(0.19658426940441132),np.float64(0.12671877443790436)
179,np.float64(0.1902192234992981),np.float64(0.48801547288894653),np.float64(0.408270925283432),np.float64(0.4156445264816284),np.float64(2.327305555343628),np.float64(0.30916354060173035),np.float64(0.2601926624774933),np.float64(0.4232367277145386),np.float64(0.2849309742450714),np.float64(0.19343769550323486)
180,np.float64(0.19572845101356506),np.float64(0.5687223672866821),np.float64(0.4647812247276306),np.float64(0.3194875717163086),np.float64(1.9689606428146362),np.float64(0.2761685252189636),np.float64(0.19816789031028748),np.float64(0.41547486186027527),np.float64(0.32626983523368835),np.float64(0.11310192942619324)
181,np.float64(0.17926308512687683),np.float64(0.40316757559776306),np.float64(0.28516674041748047),np.float64(0.6629744172096252),np.float64(0.7308374047279358),np.float64(0.35719218850135803),np.float64(0.4409649968147278),np.float64(0.4143681526184082),np.float64(0.18986916542053223),np.float64(0.19299989938735962)
182,np.float64(0.21215806901454926),np.float64(0.49260061979293823),np.float64(0.31365132331848145),np.float64(0.821031391620636),np.float64(1.1174299716949463),np.float64(0.322027325630188),np.float64(0.40694382786750793),np.float64(0.411496102809906),np.float64(0.20926311612129211),np.float64(0.17718106508255005)
183,np.float64(0.23768725991249084),np.float64(0.35048457980155945),np.float64(0.38430869579315186),np.float64(0.7851575613021851),np.float64(0.9842508435249329),np.float64(0.41308847069740295),np.float64(0.5127001404762268),np.float64(0.35421931743621826),np.float64(0.22324301302433014),np.float64(0.1625162661075592)
184,np.float64(0.2625633776187897),np.float64(0.6280488967895508),np.float64(0.32086676359176636),np.float64(1.070389747619629),np.float64(1.1605205535888672),np.float64(0.28509625792503357),np.float64(0.4558458924293518),np.float64(0.42248693108558655),np.float64(0.1510259509086609),np.float64(0.18798945844173431)
185,np.float64(0.20044901967048645),np.float64(0.4539998173713684),np.float64(0.29282963275909424),np.float64(0.6542470455169678),np.float64(1.0487922430038452),np.float64(0.3260067403316498),np.float64(0.401207834482193),np.float64(0.4557167589664459),np.float64(0.229268878698349),np.float64(0.16913644969463348)
186,np.float64(0.2539496123790741),np.float64(0.6357848644256592),np.float64(0.32231900095939636),np.float64(0.7968961596488953),np.float64(1.8192050457000732),np.float64(0.2799849808216095),np.float64(0.38172435760498047),np.float64(0.42150023579597473),np.float64(0.17478667199611664),np.float64(0.15087802708148956)
187,np.float64(0.2086879163980484),np.float64(0.5089786052703857),np.float64(0.2996700704097748),np.float64(0.6872429251670837),np.float64(1.1010104417800903),np.float64(0.3217868506908417),np.float64(0.40956810116767883),np.float64(0.4492283761501312),np.float64(0.2426108419895172),np.float64(0.18504220247268677)
188,np.float64(0.18032991886138916),np.float64(0.4304312765598297),np.float64(0.32976576685905457),np.float64(0.4477447271347046),np.float64(0.9269822239875793),np.float64(0.32774657011032104),np.float64(0.32338643074035645),np.float64(0.40446725487709045),np.float64(0.254965215921402),np.float64(0.13539625704288483)
189,np.float64(0.2744091749191284),np.float64(0.5645225048065186),np.float64(0.33092203736305237),np.float64(0.9462905526161194),np.float64(1.2094627618789673),np.float64(0.29978904128074646),np.float64(0.4741935431957245),np.float64(0.4106251299381256),np.float64(0.2033059149980545),np.float64(0.19145141541957855)
190,np.float64(0.21328283846378326),np.float64(0.437397837638855),np.float64(0.27833321690559387),np.float64(0.7397997975349426),np.float64(0.9562923908233643),np.float64(0.33715468645095825),np.float64(0.4587329626083374),np.float64(0.4748712480068207),np.float64(0.21787546575069427),np.float64(0.1969766765832901)
191,np.float64(0.17834027111530304),np.float64(0.5022544264793396),np.float64(-0.11179867386817932),np.float64(0.5185964107513428),np.float64(0.7896693348884583),np.float64(0.3325148820877075),np.float64(1.1457605361938477),np.float64(-0.6327842473983765),np.float64(0.2404172420501709),np.float64(0.15146569907665253)
192,np.float64(0.24678489565849304),np.float64(0.5405741930007935),np.float64(0.3362787067890167),np.float64(0.8297517895698547),np.float64(1.0018130540847778),np.float64(0.3044711947441101),np.float64(0.4235230088233948),np.float64(0.44512367248535156),np.float64(0.16034044325351715),np.float64(0.17060784995555878)
193,np.float64(0.2221904993057251),np.float64(0.5132774710655212),np.float64(0.3093065619468689),np.float64(0.7082048058509827),np.float64(1.1045643091201782),np.float64(0.3119259178638458),np.float64(0.4195263087749481),np.float64(0.4292548596858978),np.float64(0.23548279702663422),np.float64(0.16661708056926727)
194,np.float64(0.21815724670886993),np.float64(0.5965754985809326),np.float64(0.3554202616214752),np.float64(0.5050526261329651),np.float64(1.1768615245819092),np.float64(0.28552162647247314),np.float64(0.3108179271221161),np.float64(0.4823964238166809),np.float64(0.25164303183555603),np.float64(0.1198902428150177)
195,np.float64(0.2873521149158478),np.float64(0.7406424283981323),np.float64(0.309029757976532),np.float64(1.1646286249160767),np.float64(1.388464093208313),np.float64(0.26709020137786865),np.float64(0.4640723764896393),np.float64(0.46152153611183167),np.float64(0.1769399642944336),np.float64(0.22955645620822906)
196,np.float64(0.17452472448349),np.float64(0.3911496102809906),np.float64(0.29643720388412476),np.float64(0.5230008363723755),np.float64(0.9411827325820923),np.float64(0.3516693115234375),np.float64(0.38919797539711),np.float64(0.41468480229377747),np.float64(0.22745101153850555),np.float64(0.14611919224262238)
197,np.float64(0.17645491659641266),np.float64(0.4418279826641083),np.float64(0.33428749442100525),np.float64(0.45686960220336914),np.float64(1.820913314819336),np.float64(0.3226338326931),np.float64(0.32282525300979614),np.float64(0.45028701424598694),np.float64(0.21397805213928223),np.float64(0.1966598778963089)
198,np.float64(0.25293970108032227),np.float64(0.5135276913642883),np.float64(0.28238964080810547),np.float64(0.8289236426353455),np.float64(1.3987237215042114),np.float64(0.31766277551651),np.float64(0.4655669033527374),np.float64(0.37198489904403687),np.float64(0.19677966833114624),np.float64(0.17734749615192413)
199,np.float64(0.2473095953464508),np.float64(0.585757851600647),np.float64(0.3063240945339203),np.float64(0.9496887922286987),np.float64(1.4220174551010132),np.float64(0.2955774664878845),np.float64(0.42948564887046814),np.float64(0.44195234775543213),np.float64(0.15682466328144073),np.float64(0.1760193109512329)
200,np.float64(-0.538009762763977),np.float64(0.5234586596488953),np.float64(0.08622855693101883),np.float64(1.88080894947052),np.float64(0.777103841304779),np.float64(1.5736033916473389),np.float64(0.6451960802078247),np.float64(0.182916522026062),np.float64(0.07691407203674316),np.float64(0.10440484434366226)
201,np.float64(0.19788005948066711),np.float64(0.43755561113357544),np.float64(0.30793046951293945),np.float64(0.7564139366149902),np.float64(0.7771822214126587),np.float64(0.33883655071258545),np.float64(0.4288520812988281),np.float64(0.41479501128196716),np.float64(0.12960410118103027),np.float64(0.16334249079227448)
202,np.float64(0.21425555646419525),np.float64(0.4665679931640625),np.float64(0.2796068489551544),np.float64(0.6788079142570496),np.float64(0.9664340615272522),np.float64(0.327645868062973),np.float64(0.4622608423233032),np.float64(0.4169621765613556),np.float64(0.17690996825695038),np.float64(0.16733330488204956)
203,np.float64(0.22020892798900604),np.float64(0.5803022384643555),np.float64(0.3741522431373596),np.float64(0.614328920841217),np.float64(1.1388981342315674),np.float64(0.2989143133163452),np.float64(0.32672056555747986),np.float64(0.4075242578983307),np.float64(0.26509013772010803),np.float64(0.14507266879081726)
204,np.float64(0.2105128914117813),np.float64(0.5267149209976196),np.float64(0.3270657956600189),np.float64(0.7354888319969177),np.float64(1.1495009660720825),np.float64(0.3016444742679596),np.float64(0.36015424132347107),np.float64(0.42136242985725403),np.float64(0.24120298027992249),np.float64(0.17757365107536316)
205,np.float64(0.19613829255104065),np.float64(0.4916931390762329),np.float64(0.3578346371650696),np.float64(0.44673895835876465),np.float64(0.896828293800354),np.float64(0.30771544575691223),np.float64(0.2922351062297821),np.float64(0.3948214650154114),np.float64(0.2557380199432373),np.float64(0.15559522807598114)
206,np.float64(0.21761834621429443),np.float64(0.49368149042129517),np.float64(0.29327329993247986),np.float64(0.65872722864151),np.float64(0.9861292839050293),np.float64(0.3165799081325531),np.float64(0.41812771558761597),np.float64(0.46204230189323425),np.float64(0.18870271742343903),np.float64(0.1567361205816269)
207,np.float64(0.1819983720779419),np.float64(0.4134591221809387),np.float64(0.28577283024787903),np.float64(0.5034192800521851),np.float64(0.9448238015174866),np.float64(0.3313792049884796),np.float64(0.3721858859062195),np.float64(0.44492223858833313),np.float64(0.2118413895368576),np.float64(0.15308158099651337)
208,np.float64(0.21533213555812836),np.float64(0.5185860991477966),np.float64(0.3244495093822479),np.float64(0.5843071937561035),np.float64(1.0160932540893555),np.float64(0.30601102113723755),np.float64(0.37351998686790466),np.float64(0.4180825352668762),np.float64(0.22475549578666687),np.float64(0.1468954086303711)
209,np.float64(0.21633438766002655),np.float64(0.6023281216621399),np.float64(0.4392392933368683),np.float64(0.4689796268939972),np.float64(1.1702461242675781),np.float64(0.27927204966545105),np.float64(0.24700312316417694),np.float64(0.41400131583213806),np.float64(0.29084306955337524),np.float64(0.13489457964897156)
210,np.float64(0.16563308238983154),np.float64(0.3933752477169037),np.float64(0.31457221508026123),np.float64(0.412750244140625),np.float64(0.954046905040741),np.float64(0.31879347562789917),np.float64(0.29310142993927),np.float64(0.4405667185783386),np.float64(0.23320475220680237),np.float64(0.12237074971199036)
211,np.float64(0.1538832187652588),np.float64(0.33110663294792175),np.float64(0.2908554971218109),np.float64(0.34890082478523254),np.float64(0.6733627319335938),np.float64(0.3374198079109192),np.float64(0.2770921587944031),np.float64(0.38392117619514465),np.float64(0.285860151052475),np.float64(0.11915157735347748)
212,np.float64(0.260907381772995),np.float64(0.7596817016601562),np.float64(0.4575950503349304),np.float64(0.48567038774490356),np.float64(1.6648892164230347),np.float64(0.2602323293685913),np.float64(0.25120624899864197),np.float64(0.466104656457901),np.float64(0.2687118649482727),np.float64(0.14771991968154907)
213,np.float64(0.1904154270887375),np.float64(0.5094994306564331),np.float64(0.4398680627346039),np.float64(0.32717618346214294),np.float64(2.0580573081970215),np.float64(0.2924887537956238),np.float64(0.22117924690246582),np.float64(0.38799384236335754),np.float64(0.3458682596683502),np.float64(0.16780151426792145)
214,np.float64(0.19094234704971313),np.float64(0.45050856471061707),np.float64(0.3336659371852875),np.float64(0.6010295748710632),np.float64(1.024872899055481),np.float64(0.3289908766746521),np.float64(0.3668627440929413),np.float64(0.3972594439983368),np.float64(0.24100255966186523),np.float64(0.12637756764888763)
215,np.float64(0.23006971180438995),np.float64(0.510057270526886),np.float64(0.2627427577972412),np.float64(0.7714067101478577),np.float64(0.9314000010490417),np.float64(0.3045068681240082),np.float64(0.4566592872142792),np.float64(0.4387005567550659),np.float64(0.1724427491426468),np.float64(0.16224652528762817)
216,np.float64(-0.2404855191707611),np.float64(0.48356693983078003),np.float64(0.28982308506965637),np.float64(0.3565935492515564),np.float64(0.6534029841423035),np.float64(1.465517520904541),np.float64(0.33226045966148376),np.float64(0.4289432168006897),np.float64(0.2534818649291992),np.float64(0.1274418979883194)
217,np.float64(0.18498721718788147),np.float64(0.4544653296470642),np.float64(0.3712675869464874),np.float64(0.4318046569824219),np.float64(0.8720890283584595),np.float64(0.3120962381362915),np.float64(0.2770284414291382),np.float64(0.4083583354949951),np.float64(0.2604715824127197),np.float64(0.13353858888149261)
218,np.float64(0.232194185256958),np.float64(0.5888273119926453),np.float64(0.2902505695819855),np.float64(0.9484317898750305),np.float64(1.2922298908233643),np.float64(0.3044520616531372),np.float64(0.43561527132987976),np.float64(0.4833771586418152),np.float64(0.23643238842487335),np.float64(0.23223358392715454)
219,np.float64(0.19730569422245026),np.float64(0.4794375002384186),np.float64(0.3031131327152252),np.float64(0.5150098204612732),np.float64(1.1569936275482178),np.float64(0.3136405050754547),np.float64(0.3632824122905731),np.float64(0.43680453300476074),np.float64(0.2557929754257202),np.float64(0.15580222010612488)
220,np.float64(0.2888592481613159),np.float64(0.7295119166374207),np.float64(0.3322151005268097),np.float64(1.3398596048355103),np.float64(1.144158959388733),np.float64(0.27293163537979126),np.float64(0.4214901626110077),np.float64(0.4372682571411133),np.float64(0.16534872353076935),np.float64(0.17374323308467865)
221,np.float64(0.2709999084472656),np.float64(0.5803938508033752),np.float64(0.32697516679763794),np.float64(1.074535608291626),np.float64(1.1079926490783691),np.float64(0.29307615756988525),np.float64(0.5337604284286499),np.float64(0.4052295386791229),np.float64(0.17090214788913727),np.float64(0.24947601556777954)
222,np.float64(0.2119845300912857),np.float64(0.48973631858825684),np.float64(0.2922137677669525),np.float64(0.613792896270752),np.float64(1.1848422288894653),np.float64(0.32085660099983215),np.float64(0.41730087995529175),np.float64(0.43934178352355957),np.float64(0.1847529411315918),np.float64(0.156757190823555)
223,np.float64(0.13830755650997162),np.float64(0.5704199075698853),np.float64(-0.2368071973323822),np.float64(0.3335738182067871),np.float64(1.9346987009048462),np.float64(0.3529728651046753),np.float64(1.513546109199524),np.float64(-0.9752417206764221),np.float64(0.3087761402130127),np.float64(0.19025906920433044)
224,np.float64(0.2537320554256439),np.float64(0.5637558698654175),np.float64(0.2981663644313812),np.float64(1.127651572227478),np.float64(0.847863495349884),np.float64(0.30017513036727905),np.float64(0.5091678500175476),np.float64(0.40857917070388794),np.float64(0.1406850665807724),np.float64(0.18778453767299652)
225,np.float64(0.20862792432308197),np.float64(0.4734709858894348),np.float64(0.30159273743629456),np.float64(0.7356835603713989),np.float64(1.0706243515014648),np.float64(0.3310956656932831),np.float64(0.4345787465572357),np.float64(0.4413478672504425),np.float64(0.22573037445545197),np.float64(0.16297194361686707)
226,np.float64(0.20930558443069458),np.float64(0.46549850702285767),np.float64(0.31195393204689026),np.float64(0.66228187084198),np.float64(1.388558030128479),np.float64(0.3338852524757385),np.float64(0.4278647303581238),np.float64(0.39391928911209106),np.float64(0.18579277396202087),np.float64(0.16669848561286926)
227,np.float64(0.24827933311462402),np.float64(0.5683581233024597),np.float64(0.32548439502716064),np.float64(1.0381375551223755),np.float64(1.0968977212905884),np.float64(0.3034629225730896),np.float64(0.42533746361732483),np.float64(0.454281747341156),np.float64(0.17486940324306488),np.float64(0.20274360477924347)
228,np.float64(0.15076729655265808),np.float64(0.332908570766449),np.float64(0.3012712001800537),np.float64(0.38315045833587646),np.float64(0.7066541910171509),np.float64(0.3468635082244873),np.float64(0.2886183559894562),np.float64(0.3902430236339569),np.float64(0.2711925506591797),np.float64(0.12706205248832703)
229,np.float64(0.2228512465953827),np.float64(0.6045520901679993),np.float64(0.3321760892868042),np.float64(2.6778006553649902),np.float64(0.8108248114585876),np.float64(0.2952321469783783),np.float64(0.3875015079975128),np.float64(0.3838097155094147),np.float64(0.17620359361171722),np.float64(0.22035852074623108)
230,np.float64(0.23649285733699799),np.float64(0.5354189872741699),np.float64(0.34611815214157104),np.float64(1.4222753047943115),np.float64(0.8934491276741028),np.float64(0.30893516540527344),np.float64(0.4897514581680298),np.float64(0.3466958999633789),np.float64(0.19523046910762787),np.float64(0.26882097125053406)
231,np.float64(0.19989244639873505),np.float64(0.4557061791419983),np.float64(0.5109573602676392),np.float64(-0.2153148353099823),np.float64(2.2214787006378174),np.float64(0.31168264150619507),np.float64(0.3082358241081238),np.float64(1.3702359199523926),np.float64(-0.7765243649482727),np.float64(0.20012056827545166)
232,np.float64(0.21942481398582458),np.float64(0.5453272461891174),np.float64(0.31445297598838806),np.float64(0.6040084958076477),np.float64(1.3083949089050293),np.float64(0.30413123965263367),np.float64(0.36065351963043213),np.float64(0.4381523132324219),np.float64(0.1942402571439743),np.float64(0.12861928343772888)
233,np.float64(0.1800299435853958),np.float64(0.48217064142227173),np.float64(0.39648786187171936),np.float64(0.334896057844162),np.float64(1.871200680732727),np.float64(0.30292201042175293),np.float64(0.24198657274246216),np.float64(0.43398207426071167),np.float64(0.27272841334342957),np.float64(0.17350102961063385)
234,np.float64(0.22427567839622498),np.float64(0.3227088451385498),np.float64(0.62134850025177),np.float64(0.42637500166893005),np.float64(1.962972640991211),np.float64(0.48107683658599854),np.float64(0.38830506801605225),np.float64(0.2949276268482208),np.float64(0.3432869017124176),np.float64(0.288921594619751)
235,np.float64(0.2167738676071167),np.float64(0.4642748534679413),np.float64(0.28093957901000977),np.float64(0.8487906455993652),np.float64(1.0089792013168335),np.float64(0.3292279541492462),np.float64(0.49473288655281067),np.float64(0.428992360830307),np.float64(0.15510675311088562),np.float64(0.16403581202030182)
236,np.float64(0.1948762834072113),np.float64(0.4335450232028961),np.float64(0.30034691095352173),np.float64(0.5388672947883606),np.float64(0.8314567804336548),np.float64(0.34036684036254883),np.float64(0.39166101813316345),np.float64(0.4135860502719879),np.float64(0.25648123025894165),np.float64(0.18818910419940948)
237,np.float64(0.19800172746181488),np.float64(0.48089107871055603),np.float64(0.3146425485610962),np.float64(0.5537684559822083),np.float64(1.1684725284576416),np.float64(0.3103613555431366),np.float64(0.343868613243103),np.float64(0.4454795718193054),np.float64(0.23168820142745972),np.float64(0.1275847852230072)
238,np.float64(0.24242651462554932),np.float64(0.5651054978370667),np.float64(0.28461754322052),np.float64(0.9469095468521118),np.float64(1.0190861225128174),np.float64(0.2999618947505951),np.float64(0.4629673361778259),np.float64(0.43530070781707764),np.float64(0.1526525467634201),np.float64(0.15688110888004303)
239,np.float64(0.22550944983959198),np.float64(0.5536283850669861),np.float64(0.31726333498954773),np.float64(0.817828893661499),np.float64(1.159079670906067),np.float64(0.30325719714164734),np.float64(0.39310893416404724),np.float64(0.4861161708831787),np.float64(0.1885668933391571),np.float64(0.18718817830085754)
240,np.float64(0.1842101812362671),np.float64(0.4489109218120575),np.float64(0.3120196759700775),np.float64(0.5440353751182556),np.float64(1.0130976438522339),np.float64(0.3156364858150482),np.float64(0.3365473747253418),np.float64(0.4608733654022217),np.float64(0.17926663160324097),np.float64(0.15234248340129852)
241,np.float64(0.20828478038311005),np.float64(0.6409175395965576),np.float64(0.5306589603424072),np.float64(0.39731845259666443),np.float64(3.3028523921966553),np.float64(0.2761214077472687),np.float64(0.2101612389087677),np.float64(0.4431094825267792),np.float64(0.3336827754974365),np.float64(0.14100994169712067)
242,np.float64(0.21731124818325043),np.float64(0.4313926100730896),np.float64(0.25558844208717346),np.float64(0.6891452074050903),np.float64(0.8939130902290344),np.float64(0.34507477283477783),np.float64(0.48206132650375366),np.float64(0.4392648935317993),np.float64(0.20089583098888397),np.float64(0.18401683866977692)
243,np.float64(0.22189003229141235),np.float64(0.44044986367225647),np.float64(0.30206823348999023),np.float64(0.8418398499488831),np.float64(0.8775082230567932),np.float64(0.34443941712379456),np.float64(0.49437832832336426),np.float64(0.37833747267723083),np.float64(0.1714048534631729),np.float64(0.20033034682273865)
244,np.float64(0.23775972425937653),np.float64(0.5236411690711975),np.float64(0.30306148529052734),np.float64(1.0582911968231201),np.float64(1.0094337463378906),np.float64(0.31069377064704895),np.float64(0.4810134768486023),np.float64(0.40920522809028625),np.float64(0.1577635407447815),np.float64(0.2084951251745224)
245,np.float64(0.21778665482997894),np.float64(0.5149701833724976),np.float64(0.2960982024669647),np.float64(0.7196481227874756),np.float64(0.9577552080154419),np.float64(0.3179320991039276),np.float64(0.43702149391174316),np.float64(0.40080034732818604),np.float64(0.19740991294384003),np.float64(0.17872254550457)
246,np.float64(0.21252025663852692),np.float64(0.5258978009223938),np.float64(0.32738834619522095),np.float64(0.710229218006134),np.float64(1.1532833576202393),np.float64(0.31784674525260925),np.float64(0.3793543875217438),np.float64(0.43395960330963135),np.float64(0.23386749625205994),np.float64(0.16205498576164246)
247,np.float64(0.21321438252925873),np.float64(0.5350965261459351),np.float64(0.30834224820137024),np.float64(0.7770506143569946),np.float64(1.2335503101348877),np.float64(0.2989615499973297),np.float64(0.3769678771495819),np.float64(0.46880415081977844),np.float64(0.1715288609266281),np.float64(0.18341928720474243)
248,np.float64(0.22250093519687653),np.float64(0.5670437812805176),np.float64(0.35501623153686523),np.float64(0.6163038611412048),np.float64(1.1043936014175415),np.float64(0.2950214743614197),np.float64(0.33169442415237427),np.float64(0.4247329831123352),np.float64(0.26291146874427795),np.float64(0.161468505859375)
249,np.float64(0.28886130452156067),np.float64(0.4080754518508911),np.float64(0.388687402009964),np.float64(0.9710407257080078),np.float64(1.0903939008712769),np.float64(0.3570210933685303),np.float64(0.526644766330719),np.float64(0.36234936118125916),np.float64(0.23337480425834656),np.float64(0.22084969282150269)
250,np.float64(0.2112787961959839),np.float64(0.5251280069351196),np.float64(0.3114086091518402),np.float64(0.7996793985366821),np.float64(1.233810305595398),np.float64(0.3004005551338196),np.float64(0.39403024315834045),np.float64(0.4092775285243988),np.float64(0.24437807500362396),np.float64(0.20826946198940277)
251,np.float64(0.20513467490673065),np.float64(0.5095231533050537),np.float64(0.30840423703193665),np.float64(0.7375221848487854),np.float64(1.2048135995864868),np.float64(0.3099147379398346),np.float64(0.393653929233551),np.float64(0.4394686818122864),np.float64(0.21391351521015167),np.float64(0.1598149538040161)
252,np.float64(0.18403053283691406),np.float64(0.44999516010284424),np.float64(0.3241210877895355),np.float64(0.5046954154968262),np.float64(0.9897506833076477),np.float64(0.31289032101631165),np.float64(0.31630635261535645),np.float64(0.43156829476356506),np.float64(0.19942381978034973),np.float64(0.1623033583164215)
253,np.float64(0.20247694849967957),np.float64(0.47561150789260864),np.float64(0.36782750487327576),np.float64(0.4223831295967102),np.float64(0.8306625485420227),np.float64(0.3022631108760834),np.float64(0.26796790957450867),np.float64(0.36171332001686096),np.float64(0.2667039930820465),np.float64(0.13791857659816742)
254,np.float64(0.21206602454185486),np.float64(0.5248199105262756),np.float64(0.2998051047325134),np.float64(0.6356583833694458),np.float64(1.1709340810775757),np.float64(0.31119266152381897),np.float64(0.39162662625312805),np.float64(0.4515939950942993),np.float64(0.2715863585472107),np.float64(0.1764315366744995)
255,np.float64(0.21877658367156982),np.float64(0.48749446868896484),np.float64(0.30774345993995667),np.float64(0.8194891810417175),np.float64(1.2116506099700928),np.float64(0.3212704658508301),np.float64(0.44468817114830017),np.float64(0.4264910817146301),np.float64(0.1757582724094391),np.float64(0.14134551584720612)
256,np.float64(0.22520628571510315),np.float64(0.6287198662757874),np.float64(0.36497563123703003),np.float64(0.5595101118087769),np.float64(1.582344651222229),np.float64(0.2798428237438202),np.float64(0.30655139684677124),np.float64(0.49278464913368225),np.float64(0.22864429652690887),np.float64(0.150590181350708)
257,np.float64(0.18548789620399475),np.float64(0.4556751549243927),np.float64(0.29267099499702454),np.float64(0.7006801962852478),np.float64(1.1625101566314697),np.float64(0.3313511908054352),np.float64(0.42858925461769104),np.float64(0.4233614504337311),np.float64(0.22686496376991272),np.float64(0.1352609395980835)
258,np.float64(0.204061359167099),np.float64(0.5162383317947388),np.float64(0.36431682109832764),np.float64(0.4978228211402893),np.float64(0.9562357068061829),np.float64(0.3048331141471863),np.float64(0.31047260761260986),np.float64(0.4100673794746399),np.float64(0.29125896096229553),np.float64(0.16229408979415894)
259,np.float64(0.20553764700889587),np.float64(0.5298234224319458),np.float64(0.3542081415653229),np.float64(0.4580017924308777),np.float64(1.189599633216858),np.float64(0.29475319385528564),np.float64(0.2965591251850128),np.float64(0.4587318003177643),np.float64(0.21473193168640137),np.float64(0.11423226445913315)
260,np.float64(0.24012166261672974),np.float64(0.45805618166923523),np.float64(0.33282628655433655),np.float64(0.8151924014091492),np.float64(1.0941193103790283),np.float64(0.3498525023460388),np.float64(0.47960197925567627),np.float64(0.41783052682876587),np.float64(0.2376444935798645),np.float64(0.17561422288417816)
261,np.float64(0.2483704388141632),np.float64(0.5870814323425293),np.float64(0.2942968010902405),np.float64(1.0624608993530273),np.float64(1.1002565622329712),np.float64(0.2948773503303528),np.float64(0.46765124797821045),np.float64(0.42757055163383484),np.float64(0.19092456996440887),np.float64(0.22147126495838165)
262,np.float64(0.2125004380941391),np.float64(0.47721239924430847),np.float64(0.2891974151134491),np.float64(0.696006715297699),np.float64(1.1385014057159424),np.float64(0.3271770179271698),np.float64(0.4212929904460907),np.float64(0.4374997615814209),np.float64(0.2524453401565552),np.float64(0.19561398029327393)
263,np.float64(0.21130305528640747),np.float64(0.47587651014328003),np.float64(0.25434476137161255),np.float64(0.6562932729721069),np.float64(0.9344342947006226),np.float64(0.31500962376594543),np.float64(0.4337846636772156),np.float64(0.4458041191101074),np.float64(0.15896280109882355),np.float64(0.16365696489810944)
264,np.float64(0.1981976330280304),np.float64(0.4965662360191345),np.float64(0.32014352083206177),np.float64(0.8219665884971619),np.float64(1.7492069005966187),np.float64(0.31295499205589294),np.float64(0.3382105529308319),np.float64(0.47462278604507446),np.float64(0.1688077747821808),np.float64(0.18325337767601013)
265,np.float64(0.24763581156730652),np.float64(0.4119185507297516),np.float64(0.3224121928215027),np.float64(0.8728867173194885),np.float64(0.9752267599105835),np.float64(0.36239442229270935),np.float64(0.5600647926330566),np.float64(0.39354589581489563),np.float64(0.21678151190280914),np.float64(0.20702935755252838)
266,np.float64(0.26599839329719543),np.float64(0.47976094484329224),np.float64(0.29340142011642456),np.float64(1.0016976594924927),np.float64(0.8163898587226868),np.float64(0.3259831666946411),np.float64(0.5564695596694946),np.float64(0.40137702226638794),np.float64(0.16783612966537476),np.float64(0.2192443311214447)
267,np.float64(0.20060427486896515),np.float64(0.45360589027404785),np.float64(0.2905839681625366),np.float64(0.5904532074928284),np.float64(1.0080682039260864),np.float64(0.33303308486938477),np.float64(0.42748552560806274),np.float64(0.4319523572921753),np.float64(0.20009811222553253),np.float64(0.15208201110363007)
268,np.float64(0.2006606161594391),np.float64(0.4783952832221985),np.float64(0.31041547656059265),np.float64(0.5887975096702576),np.float64(0.9242458343505859),np.float64(0.32145121693611145),np.float64(0.3894160985946655),np.float64(0.43819814920425415),np.float64(0.2117406725883484),np.float64(0.14373351633548737)
269,np.float64(0.20514534413814545),np.float64(0.5668161511421204),np.float64(0.39148879051208496),np.float64(0.504819393157959),np.float64(1.3060108423233032),np.float64(0.30272576212882996),np.float64(0.31606942415237427),np.float64(0.457552433013916),np.float64(0.1871127039194107),np.float64(0.1599849909543991)
270,np.float64(0.2141566276550293),np.float64(0.5085405111312866),np.float64(0.3035624027252197),np.float64(0.6047782301902771),np.float64(1.1065038442611694),np.float64(0.30591434240341187),np.float64(0.3708924353122711),np.float64(0.46604442596435547),np.float64(0.25597700476646423),np.float64(0.1830352395772934)
271,np.float64(0.18563739955425262),np.float64(0.4133317172527313),np.float64(0.2764540910720825),np.float64(0.5869901776313782),np.float64(0.9906110167503357),np.float64(0.338546484708786),np.float64(0.41336590051651),np.float64(0.45385047793388367),np.float64(0.2343238741159439),np.float64(0.15393123030662537)
272,np.float64(0.2411688268184662),np.float64(0.5718644857406616),np.float64(0.3222201466560364),np.float64(1.0714880228042603),np.float64(1.126663088798523),np.float64(0.29763278365135193),np.float64(0.4496966004371643),np.float64(0.4575525224208832),np.float64(0.1438235491514206),np.float64(0.1774217188358307)
273,np.float64(0.23924364149570465),np.float64(0.592446506023407),np.float64(0.3164806365966797),np.float64(1.9807562828063965),np.float64(1.7795757055282593),np.float64(0.2908073961734772),np.float64(0.44900763034820557),np.float64(0.4208261966705322),np.float64(0.23552283644676208),np.float64(0.12799055874347687)
274,np.float64(0.21333250403404236),np.float64(0.4717215895652771),np.float64(0.2877243459224701),np.float64(0.7693063020706177),np.float64(1.1339434385299683),np.float64(0.32988032698631287),np.float64(0.4334510266780853),np.float64(0.42576122283935547),np.float64(0.23266232013702393),np.float64(0.1774309128522873)
275,np.float64(0.20228292047977448),np.float64(0.49146541953086853),np.float64(0.30591660737991333),np.float64(0.6456552743911743),np.float64(1.1422091722488403),np.float64(0.3192096948623657),np.float64(0.39026567339897156),np.float64(0.4337696433067322),np.float64(0.2610619366168976),np.float64(0.17547816038131714)
276,np.float64(0.25951945781707764),np.float64(0.5128256678581238),np.float64(0.33151158690452576),np.float64(0.9636316299438477),np.float64(0.9221259951591492),np.float64(0.3223607838153839),np.float64(0.5150161385536194),np.float64(0.39191076159477234),np.float64(0.2063818722963333),np.float64(0.2191760241985321)
277,np.float64(0.25086304545402527),np.float64(0.6505740880966187),np.float64(0.3228616714477539),np.float64(0.8898276090621948),np.float64(1.3450838327407837),np.float64(0.2782749831676483),np.float64(0.36471062898635864),np.float64(0.5006766319274902),np.float64(0.15222828090190887),np.float64(0.19386328756809235)
278,np.float64(0.20780958235263824),np.float64(0.5802852511405945),np.float64(0.4589610695838928),np.float64(0.40228986740112305),np.float64(0.9508545398712158),np.float64(0.28084906935691833),np.float64(0.22575606405735016),np.float64(0.40656426548957825),np.float64(0.30199775099754333),np.float64(0.13233080506324768)
279,np.float64(0.21113574504852295),np.float64(0.4741967022418976),np.float64(0.28520190715789795),np.float64(0.7638980150222778),np.float64(1.0322425365447998),np.float64(0.3227691948413849),np.float64(0.46422699093818665),np.float64(0.4278446137905121),np.float64(0.2197977751493454),np.float64(0.19241087138652802)
280,np.float64(0.24675653874874115),np.float64(0.5037785768508911),np.float64(0.30121201276779175),np.float64(0.9438522458076477),np.float64(0.9895049333572388),np.float64(0.3257448971271515),np.float64(0.5067625045776367),np.float64(0.4434136748313904),np.float64(0.20951363444328308),np.float64(0.21181033551692963)
281,np.float64(0.2182437628507614),np.float64(0.5237557291984558),np.float64(0.2707003057003021),np.float64(0.7126296162605286),np.float64(1.3373509645462036),np.float64(0.3004266917705536),np.float64(0.41942569613456726),np.float64(0.4562593400478363),np.float64(0.1773557960987091),np.float64(0.1325903981924057)
282,np.float64(0.19575895369052887),np.float64(0.5067027807235718),np.float64(0.41432586312294006),np.float64(0.4129205048084259),np.float64(2.253566265106201),np.float64(0.28821104764938354),np.float64(0.24766959249973297),np.float64(0.45761629939079285),np.float64(0.21280238032341003),np.float64(0.16038087010383606)
283,np.float64(0.20391181111335754),np.float64(0.5081055164337158),np.float64(0.30247244238853455),np.float64(0.6069954037666321),np.float64(1.159531593322754),np.float64(0.3116861879825592),np.float64(0.3753264248371124),np.float64(0.44694870710372925),np.float64(0.2616389989852905),np.float64(0.1518283188343048)
284,np.float64(0.23060616850852966),np.float64(0.5115771889686584),np.float64(0.3362307846546173),np.float64(0.7728365659713745),np.float64(1.7502132654190063),np.float64(0.3137058615684509),np.float64(0.3714761435985565),np.float64(0.40686309337615967),np.float64(0.23677869141101837),np.float64(0.21102672815322876)
285,np.float64(0.21642591059207916),np.float64(0.607265055179596),np.float64(0.45747095346450806),np.float64(0.36181801557540894),np.float64(1.8070447444915771),np.float64(0.2747045159339905),np.float64(0.21848399937152863),np.float64(0.45376574993133545),np.float64(0.29764169454574585),np.float64(0.14032873511314392)
286,np.float64(0.2227693647146225),np.float64(0.5464208126068115),np.float64(0.31889474391937256),np.float64(0.9639852046966553),np.float64(1.330674171447754),np.float64(0.3150307238101959),np.float64(0.42324966192245483),np.float64(0.4321485757827759),np.float64(0.19076012074947357),np.float64(0.13824987411499023)
287,np.float64(-0.4593881070613861),np.float64(0.46321988105773926),np.float64(0.5021605491638184),np.float64(1.0792773962020874),np.float64(1.0191009044647217),np.float64(1.5816147327423096),np.float64(0.7951112389564514),np.float64(0.2461976855993271),np.float64(0.18562506139278412),np.float64(0.18155379593372345)
288,np.float64(0.20151597261428833),np.float64(0.5397863388061523),np.float64(0.4011259377002716),np.float64(0.3889731466770172),np.float64(2.2458114624023438),np.float64(0.2963827848434448),np.float64(0.25291284918785095),np.float64(0.41976478695869446),np.float64(0.2676239311695099),np.float64(0.18732155859470367)
289,np.float64(0.1940780133008957),np.float64(0.4194979965686798),np.float64(0.26830199360847473),np.float64(0.6549954414367676),np.float64(0.9745175242424011),np.float64(0.3475998044013977),np.float64(0.42707380652427673),np.float64(0.42696431279182434),np.float64(0.19033004343509674),np.float64(0.1607232689857483)
290,np.float64(0.23516947031021118),np.float64(0.6543831825256348),np.float64(0.3098921477794647),np.float64(0.7939112186431885),np.float64(1.2590467929840088),np.float64(0.28967446088790894),np.float64(0.4017874598503113),np.float64(0.4309483468532562),np.float64(0.24879129230976105),np.float64(0.1911323368549347)
291,np.float64(0.20565272867679596),np.float64(0.45049890875816345),np.float64(0.308141827583313),np.float64(0.7605371475219727),np.float64(1.109696626663208),np.float64(0.34192535281181335),np.float64(0.45301464200019836),np.float64(0.4240097403526306),np.float64(0.2174677550792694),np.float64(0.15659746527671814)
292,np.float64(0.20870287716388702),np.float64(0.517437756061554),np.float64(0.3204498589038849),np.float64(0.6658402681350708),np.float64(1.1784878969192505),np.float64(0.31483936309814453),np.float64(0.3869715929031372),np.float64(0.42983147501945496),np.float64(0.25682273507118225),np.float64(0.15396767854690552)
293,np.float64(0.20396989583969116),np.float64(0.5080037117004395),np.float64(0.33915701508522034),np.float64(0.5721855163574219),np.float64(1.2157961130142212),np.float64(0.30820292234420776),np.float64(0.33806025981903076),np.float64(0.4115324914455414),np.float64(0.24799010157585144),np.float64(0.14219406247138977)
294,np.float64(0.2613244354724884),np.float64(0.6009488105773926),np.float64(0.31484130024909973),np.float64(1.0988351106643677),np.float64(1.0428847074508667),np.float64(0.28922170400619507),np.float64(0.4685159921646118),np.float64(0.4383411705493927),np.float64(0.15433162450790405),np.float64(0.17989008128643036)
295,np.float64(0.19986657798290253),np.float64(0.46481528878211975),np.float64(0.2918359935283661),np.float64(0.6523763537406921),np.float64(1.1106902360916138),np.float64(0.3214620351791382),np.float64(0.42182475328445435),np.float64(0.42216160893440247),np.float64(0.25306519865989685),np.float64(0.16795054078102112)
296,np.float64(0.2082521617412567),np.float64(0.4980717897415161),np.float64(0.2865142226219177),np.float64(0.7433926463127136),np.float64(1.475215196609497),np.float64(0.3119450807571411),np.float64(0.3978670835494995),np.float64(0.41782039403915405),np.float64(0.17825943231582642),np.float64(0.1381383240222931)
297,np.float64(0.19612303376197815),np.float64(0.5469608306884766),np.float64(0.5168334245681763),np.float64(-0.12588562071323395),np.float64(0.8749786615371704),np.float64(0.3069334924221039),np.float64(0.22506533563137054),np.float64(1.0892655849456787),np.float64(-0.590155839920044),np.float64(0.1437566578388214)
298,np.float64(0.2520248591899872),np.float64(0.488892138004303),np.float64(0.33082276582717896),np.float64(0.8823862671852112),np.float64(0.8882431983947754),np.float64(0.3332025110721588),np.float64(0.4876210391521454),np.float64(0.39560404419898987),np.float64(0.21205683052539825),np.float64(0.20656435191631317)
299,np.float64(0.23433230817317963),np.float64(0.5317085981369019),np.float64(0.30829763412475586),np.float64(1.0103477239608765),np.float64(1.0915573835372925),np.float64(0.30583009123802185),np.float64(0.42619767785072327),np.float64(0.46621572971343994),np.float64(0.15046904981136322),np.float64(0.20269498229026794)
300,np.float64(0.19390344619750977),np.float64(0.4873412251472473),np.float64(-0.12207294255495071),np.float64(0.6379535794258118),np.float64(0.8188905715942383),np.float64(0.32726556062698364),np.float64(1.0581482648849487),np.float64(-0.5356332659721375),np.float64(0.22808738052845),np.float64(0.16171123087406158)
301,np.float64(0.1907089799642563),np.float64(0.4245692789554596),np.float64(0.27964821457862854),np.float64(0.5771420001983643),np.float64(0.8129673600196838),np.float64(0.3392292261123657),np.float64(0.41579094529151917),np.float64(0.43465131521224976),np.float64(0.19927549362182617),np.float64(0.18523947894573212)
302,np.float64(0.20669925212860107),np.float64(0.6050618886947632),np.float64(0.4915924668312073),np.float64(0.38546180725097656),np.float64(2.141247272491455),np.float64(0.27153515815734863),np.float64(0.21087375283241272),np.float64(0.4222015142440796),np.float64(0.2993704080581665),np.float64(0.18655580282211304)
303,np.float64(0.1958688199520111),np.float64(0.5204656720161438),np.float64(0.367870956659317),np.float64(0.42888689041137695),np.float64(1.2149876356124878),np.float64(0.2949536144733429),np.float64(0.2816186547279358),np.float64(0.46398308873176575),np.float64(0.2314709722995758),np.float64(0.13174821436405182)
304,np.float64(0.21336428821086884),np.float64(0.5642786622047424),np.float64(0.34322237968444824),np.float64(0.624801754951477),np.float64(1.9549778699874878),np.float64(0.2894853949546814),np.float64(0.32395657896995544),np.float64(0.45688822865486145),np.float64(0.20004376769065857),np.float64(0.18216779828071594)
305,np.float64(0.21775157749652863),np.float64(0.45729994773864746),np.float64(0.2961411476135254),np.float64(0.8017114400863647),np.float64(0.9483776092529297),np.float64(0.3370058834552765),np.float64(0.4714394807815552),np.float64(0.44941630959510803),np.float64(0.1976923793554306),np.float64(0.17725639045238495)
306,np.float64(0.22091025114059448),np.float64(0.531228244304657),np.float64(0.28757569193840027),np.float64(0.7848904132843018),np.float64(1.220176339149475),np.float64(0.30436113476753235),np.float64(0.44250714778900146),np.float64(0.42041221261024475),np.float64(0.1932171732187271),np.float64(0.16191750764846802)
307,np.float64(0.23526622354984283),np.float64(0.5710164308547974),np.float64(0.3269767761230469),np.float64(0.8339627385139465),np.float64(1.2498464584350586),np.float64(0.3000127971172333),np.float64(0.40445202589035034),np.float64(0.4288295805454254),np.float64(0.2107207179069519),np.float64(0.17142365872859955)
308,np.float64(0.24600285291671753),np.float64(0.7059051990509033),np.float64(0.382016658782959),np.float64(0.6159687638282776),np.float64(1.8674168586730957),np.float64(0.26779767870903015),np.float64(0.29083681106567383),np.float64(0.5049479007720947),np.float64(0.20011097192764282),np.float64(0.1668543666601181)
309,np.float64(0.23005490005016327),np.float64(0.5503098368644714),np.float64(0.3201269507408142),np.float64(0.7332605123519897),np.float64(1.0900815725326538),np.float64(0.30654534697532654),np.float64(0.4033818244934082),np.float64(0.4259398281574249),np.float64(0.2348315417766571),np.float64(0.16464662551879883)
310,np.float64(0.22001850605010986),np.float64(0.5226752758026123),np.float64(0.30692893266677856),np.float64(0.7737126350402832),np.float64(1.2968579530715942),np.float64(0.3145226538181305),np.float64(0.38542410731315613),np.float64(0.46122264862060547),np.float64(0.15861064195632935),np.float64(0.1656550168991089)
311,np.float64(0.14465971291065216),np.float64(0.30959686636924744),np.float64(0.27109333872795105),np.float64(0.3575776219367981),np.float64(0.7138113379478455),np.float64(0.3590473532676697),np.float64(0.31537339091300964),np.float64(0.3945658504962921),np.float64(0.2720431089401245),np.float64(0.10141634941101074)
312,np.float64(0.17332912981510162),np.float64(0.4059751331806183),np.float64(0.3244594633579254),np.float64(0.46615827083587646),np.float64(0.8211668133735657),np.float64(0.3329555094242096),np.float64(0.33217865228652954),np.float64(0.41602665185928345),np.float64(0.26164141297340393),np.float64(0.15124213695526123)
313,np.float64(0.21822702884674072),np.float64(0.5359999537467957),np.float64(0.30790120363235474),np.float64(0.7272499203681946),np.float64(1.2636399269104004),np.float64(0.30107632279396057),np.float64(0.3865411579608917),np.float64(0.4576060175895691),np.float64(0.2152356207370758),np.float64(0.16022387146949768)
314,np.float64(0.23884138464927673),np.float64(0.5434104204177856),np.float64(0.30114465951919556),np.float64(0.8599388003349304),np.float64(1.2281854152679443),np.float64(0.3166534900665283),np.float64(0.4662555754184723),np.float64(0.4020540118217468),np.float64(0.20256341993808746),np.float64(0.18551944196224213)
315,np.float64(0.2581523656845093),np.float64(0.7475202679634094),np.float64(0.3757701814174652),np.float64(0.590138852596283),np.float64(1.3512499332427979),np.float64(0.2641666829586029),np.float64(0.3004852533340454),np.float64(0.489128977060318),np.float64(0.28426286578178406),np.float64(0.1521887183189392)
316,np.float64(0.22148682177066803),np.float64(0.5108997821807861),np.float64(0.3329663872718811),np.float64(0.7851150035858154),np.float64(1.014221429824829),np.float64(0.3166407644748688),np.float64(0.3934461176395416),np.float64(0.40182071924209595),np.float64(0.17922458052635193),np.float64(0.17394684255123138)
317,np.float64(0.2493625432252884),np.float64(0.5957067012786865),np.float64(0.32944607734680176),np.float64(0.9622126817703247),np.float64(1.007519245147705),np.float64(0.28958386182785034),np.float64(0.41840577125549316),np.float64(0.4661315381526947),np.float64(0.13458828628063202),np.float64(0.1861344873905182)
318,np.float64(0.2618214786052704),np.float64(0.46183812618255615),np.float64(0.3365992307662964),np.float64(1.0064961910247803),np.float64(0.9140810966491699),np.float64(0.32712411880493164),np.float64(0.5417532920837402),np.float64(0.36720138788223267),np.float64(0.20255616307258606),np.float64(0.21867766976356506)
319,np.float64(0.21291778981685638),np.float64(0.5272819995880127),np.float64(0.33065348863601685),np.float64(0.678183376789093),np.float64(1.2058230638504028),np.float64(0.3083890974521637),np.float64(0.36230969429016113),np.float64(0.420245498418808),np.float64(0.24292317032814026),np.float64(0.17464981973171234)
320,np.float64(0.19866785407066345),np.float64(0.5636835098266602),np.float64(0.44823604822158813),np.float64(0.4025578796863556),np.float64(1.063737154006958),np.float64(0.28369179368019104),np.float64(0.24000303447246552),np.float64(0.43218332529067993),np.float64(0.2808963656425476),np.float64(0.1304577738046646)
321,np.float64(0.20896753668785095),np.float64(0.49768245220184326),np.float64(0.2891049087047577),np.float64(0.6577235460281372),np.float64(1.1271741390228271),np.float64(0.31537503004074097),np.float64(0.4125174880027771),np.float64(0.46920880675315857),np.float64(0.22536621987819672),np.float64(0.15055273473262787)
322,np.float64(0.23589080572128296),np.float64(0.5832136273384094),np.float64(0.30425697565078735),np.float64(0.7138237357139587),np.float64(1.3506730794906616),np.float64(0.2904965877532959),np.float64(0.3913816213607788),np.float64(0.44168275594711304),np.float64(0.19363602995872498),np.float64(0.14566762745380402)
323,np.float64(0.2519955337047577),np.float64(0.4674133360385895),np.float64(0.2947465777397156),np.float64(0.7944515943527222),np.float64(0.9228739142417908),np.float64(0.3334486484527588),np.float64(0.5118955969810486),np.float64(0.44101110100746155),np.float64(0.22876377403736115),np.float64(0.2240731567144394)
324,np.float64(0.19724126160144806),np.float64(0.4723532199859619),np.float64(0.29270586371421814),np.float64(0.6930183172225952),np.float64(1.1279468536376953),np.float64(0.32819250226020813),np.float64(0.40012627840042114),np.float64(0.4549863636493683),np.float64(0.23948398232460022),np.float64(0.1803627759218216)
325,np.float64(0.2248336523771286),np.float64(0.5772234201431274),np.float64(0.3058364987373352),np.float64(0.7189025282859802),np.float64(1.3116368055343628),np.float64(0.29417088627815247),np.float64(0.3807068467140198),np.float64(0.4888232350349426),np.float64(0.16768352687358856),np.float64(0.14571607112884521)
326,np.float64(0.2115572839975357),np.float64(0.5151869654655457),np.float64(0.2906185984611511),np.float64(0.8246989250183105),np.float64(1.2759368419647217),np.float64(0.31656843423843384),np.float64(0.4383448660373688),np.float64(0.4130876362323761),np.float64(0.23799914121627808),np.float64(0.16767120361328125)
327,np.float64(0.192319855093956),np.float64(0.4503917396068573),np.float64(0.270358681678772),np.float64(0.6099660396575928),np.float64(1.0590564012527466),np.float64(0.33095884323120117),np.float64(0.4079594910144806),np.float64(0.4667118787765503),np.float64(0.2546924948692322),np.float64(0.18114233016967773)
328,np.float64(0.18242456018924713),np.float64(0.4080731272697449),np.float64(0.3242070972919464),np.float64(0.3663867115974426),np.float64(0.7584033608436584),np.float64(0.32652127742767334),np.float64(0.29803723096847534),np.float64(0.39748266339302063),np.float64(0.2413826584815979),np.float64(0.1265050768852234)
329,np.float64(0.22526928782463074),np.float64(0.6738242506980896),np.float64(0.4365808069705963),np.float64(0.4696613550186157),np.float64(1.1906096935272217),np.float64(0.27572938799858093),np.float64(0.2550284266471863),np.float64(0.4607516825199127),np.float64(0.30226990580558777),np.float64(0.13364195823669434)
330,np.float64(0.20936638116836548),np.float64(0.4644095003604889),np.float64(0.2983107268810272),np.float64(0.6776630878448486),np.float64(1.0722752809524536),np.float64(0.32869890332221985),np.float64(0.42444032430648804),np.float64(0.4279313385486603),np.float64(0.24437305331230164),np.float64(0.18065643310546875)
331,np.float64(0.2594379186630249),np.float64(0.5698918104171753),np.float64(0.28223007917404175),np.float64(1.0237711668014526),np.float64(0.9801102876663208),np.float64(0.2993806004524231),np.float64(0.5099289417266846),np.float64(0.42003026604652405),np.float64(0.1620226800441742),np.float64(0.2171575129032135)
332,np.float64(0.18223533034324646),np.float64(0.491457462310791),np.float64(0.4371345639228821),np.float64(0.3579426407814026),np.float64(0.7009983062744141),np.float64(0.2946264445781708),np.float64(0.20971204340457916),np.float64(0.3664410412311554),np.float64(0.34811028838157654),np.float64(0.1409214586019516)
333,np.float64(0.22310404479503632),np.float64(0.5016565322875977),np.float64(0.30637165904045105),np.float64(0.652778148651123),np.float64(1.0381604433059692),np.float64(0.31313279271125793),np.float64(0.4143078625202179),np.float64(0.43451741337776184),np.float64(0.2350064069032669),np.float64(0.18277078866958618)
334,np.float64(0.1822521835565567),np.float64(0.43885064125061035),np.float64(0.3056621253490448),np.float64(0.5317125916481018),np.float64(0.9517560601234436),np.float64(0.3311823010444641),np.float64(0.3785288333892822),np.float64(0.4330880641937256),np.float64(0.2591417133808136),np.float64(0.16236750781536102)
335,np.float64(0.23358134925365448),np.float64(0.48975396156311035),np.float64(0.3255150020122528),np.float64(1.0762572288513184),np.float64(1.0544298887252808),np.float64(0.31457626819610596),np.float64(0.4540078341960907),np.float64(0.4311712384223938),np.float64(0.2126835286617279),np.float64(0.2062843292951584)
336,np.float64(0.21734805405139923),np.float64(0.5205752849578857),np.float64(0.29891857504844666),np.float64(0.7309452891349792),np.float64(1.2457109689712524),np.float64(0.3102015554904938),np.float64(0.40558886528015137),np.float64(0.452105313539505),np.float64(0.19824174046516418),np.float64(0.17349056899547577)
337,np.float64(0.224496990442276),np.float64(0.5362831354141235),np.float64(0.2921349108219147),np.float64(0.6523396968841553),np.float64(1.225346326828003),np.float64(0.31026652455329895),np.float64(0.41448742151260376),np.float64(0.44248756766319275),np.float64(0.2471262663602829),np.float64(0.1787397414445877)
338,np.float64(0.21422015130519867),np.float64(0.5042687058448792),np.float64(0.31766587495803833),np.float64(0.7090908288955688),np.float64(1.0825369358062744),np.float64(0.3168727457523346),np.float64(0.3882819414138794),np.float64(0.4362470507621765),np.float64(0.23585860431194305),np.float64(0.18823622167110443)
339,np.float64(0.14344272017478943),np.float64(0.3257088363170624),np.float64(0.31302788853645325),np.float64(0.3538551926612854),np.float64(0.6205669641494751),np.float64(0.3444247841835022),np.float64(0.2525469958782196),np.float64(0.35919904708862305),np.float64(0.2958298921585083),np.float64(0.11554525047540665)
340,np.float64(0.201264426112175),np.float64(0.48494622111320496),np.float64(0.26501283049583435),np.float64(0.5700990557670593),np.float64(1.121785283088684),np.float64(0.312478631734848),np.float64(0.3908178210258484),np.float64(0.45968008041381836),np.float64(0.21076372265815735),np.float64(0.11626666784286499)
341,np.float64(0.27245450019836426),np.float64(0.6023963689804077),np.float64(0.3182395398616791),np.float64(1.1528176069259644),np.float64(1.1597115993499756),np.float64(0.2933078408241272),np.float64(0.5169408917427063),np.float64(0.3955024480819702),np.float64(0.18638089299201965),np.float64(0.2329496294260025)
342,np.float64(0.2467595487833023),np.float64(0.6641377210617065),np.float64(0.3077031672000885),np.float64(0.6464752554893494),np.float64(1.332872748374939),np.float64(0.27243345975875854),np.float64(0.35658758878707886),np.float64(0.47435063123703003),np.float64(0.2525748610496521),np.float64(0.1421329230070114)
343,np.float64(0.19444037973880768),np.float64(0.4463498890399933),np.float64(0.305755615234375),np.float64(0.6530110239982605),np.float64(1.1777323484420776),np.float64(0.33337411284446716),np.float64(0.37708887457847595),np.float64(0.41177740693092346),np.float64(0.23254446685314178),np.float64(0.18526606261730194)
344,np.float64(0.19232435524463654),np.float64(0.47370144724845886),np.float64(0.296028196811676),np.float64(0.602246880531311),np.float64(1.0481411218643188),np.float64(0.3212931156158447),np.float64(0.3881837725639343),np.float64(0.4432014226913452),np.float64(0.27414363622665405),np.float64(0.1961248219013214)
345,np.float64(0.21562977135181427),np.float64(0.5757185816764832),np.float64(0.31108349561691284),np.float64(0.905269205570221),np.float64(0.9168739914894104),np.float64(0.31201720237731934),np.float64(0.48682230710983276),np.float64(0.39827099442481995),np.float64(0.22741496562957764),np.float64(0.24649114906787872)
346,np.float64(0.2081383764743805),np.float64(0.5631782412528992),np.float64(0.4558136463165283),np.float64(0.4339599907398224),np.float64(0.9968019127845764),np.float64(0.2888259291648865),np.float64(0.22735178470611572),np.float64(0.3682621717453003),np.float64(0.3113973140716553),np.float64(0.14471273124217987)
347,np.float64(0.21722941100597382),np.float64(0.5555102229118347),np.float64(0.3341671824455261),np.float64(0.5547909140586853),np.float64(1.302423357963562),np.float64(0.302885502576828),np.float64(0.33638784289360046),np.float64(0.45006000995635986),np.float64(0.2215014100074768),np.float64(0.13979282975196838)
348,np.float64(0.20674537122249603),np.float64(0.515670120716095),np.float64(0.2821274995803833),np.float64(0.6279543042182922),np.float64(1.0581424236297607),np.float64(0.31181079149246216),np.float64(0.3773316740989685),np.float64(0.4764636158943176),np.float64(0.18928535282611847),np.float64(0.17430168390274048)
349,np.float64(0.280870258808136),np.float64(0.7109352946281433),np.float64(0.3579369783401489),np.float64(2.275883674621582),np.float64(0.908323347568512),np.float64(0.2747836709022522),np.float64(0.4031757116317749),np.float64(0.47146329283714294),np.float64(0.12410686910152435),np.float64(0.16135162115097046)
350,np.float64(0.1999317854642868),np.float64(0.475751131772995),np.float64(0.3084167540073395),np.float64(0.6493386626243591),np.float64(1.1953015327453613),np.float64(0.3178930878639221),np.float64(0.3696540594100952),np.float64(0.4272645115852356),np.float64(0.23158897459506989),np.float64(0.16217009723186493)
351,np.float64(0.20652146637439728),np.float64(0.5828609466552734),np.float64(0.543573260307312),np.float64(0.39107733964920044),np.float64(0.6488041281700134),np.float64(0.27346882224082947),np.float64(0.17354774475097656),np.float64(0.3075094521045685),np.float64(0.37852761149406433),np.float64(0.1963849514722824)
352,np.float64(0.1788022220134735),np.float64(0.43309611082077026),np.float64(0.2703394293785095),np.float64(0.6143476366996765),np.float64(1.142012357711792),np.float64(0.3269495964050293),np.float64(0.4071715772151947),np.float64(0.42629772424697876),np.float64(0.2090454399585724),np.float64(0.12804600596427917)
353,np.float64(0.23657594621181488),np.float64(0.45395731925964355),np.float64(0.34845396876335144),np.float64(0.847625732421875),np.float64(0.9883238077163696),np.float64(0.33947187662124634),np.float64(0.4567561447620392),np.float64(0.3874354064464569),np.float64(0.23398704826831818),np.float64(0.19776053726673126)
354,np.float64(0.22930064797401428),np.float64(0.5673737525939941),np.float64(0.3100011348724365),np.float64(0.7170987129211426),np.float64(0.9840657711029053),np.float64(0.30681148171424866),np.float64(0.40643584728240967),np.float64(0.4299090802669525),np.float64(0.2101605087518692),np.float64(0.17066305875778198)
355,np.float64(0.2660277783870697),np.float64(0.4137130677700043),np.float64(0.37065476179122925),np.float64(0.8758246302604675),np.float64(1.047401785850525),np.float64(0.37271684408187866),np.float64(0.5155040621757507),np.float64(0.3709007501602173),np.float64(0.22378848493099213),np.float64(0.1924540251493454)
356,np.float64(0.2347131073474884),np.float64(0.5745733976364136),np.float64(0.3144613802433014),np.float64(1.718307375907898),np.float64(0.8793696761131287),np.float64(0.2949948310852051),np.float64(0.4855327010154724),np.float64(0.3875933289527893),np.float64(0.12720070779323578),np.float64(0.14824821054935455)
357,np.float64(0.17065389454364777),np.float64(0.4210212826728821),np.float64(0.3053623139858246),np.float64(0.5138605237007141),np.float64(1.6251392364501953),np.float64(0.3117515742778778),np.float64(0.2996310293674469),np.float64(0.4656173884868622),np.float64(0.18478450179100037),np.float64(0.17789462208747864)
358,np.float64(0.25988948345184326),np.float64(0.6205050349235535),np.float64(0.27223846316337585),np.float64(0.9986335039138794),np.float64(1.1120352745056152),np.float64(0.289218932390213),np.float64(0.4954617917537689),np.float64(0.457085520029068),np.float64(0.17897389829158783),np.float64(0.2231491655111313)
359,np.float64(0.22134505212306976),np.float64(0.4760141372680664),np.float64(0.29114171862602234),np.float64(0.8427027463912964),np.float64(1.0647432804107666),np.float64(0.3253449499607086),np.float64(0.461397647857666),np.float64(0.4035872519016266),np.float64(0.19980938732624054),np.float64(0.15489892661571503)
360,np.float64(0.24314895272254944),np.float64(0.5120176672935486),np.float64(0.3355861306190491),np.float64(1.0776739120483398),np.float64(1.1117870807647705),np.float64(0.3189903497695923),np.float64(0.4558230936527252),np.float64(0.395713210105896),np.float64(0.20354421436786652),np.float64(0.20283077657222748)
361,np.float64(0.24611417949199677),np.float64(0.6159660220146179),np.float64(0.2933349311351776),np.float64(0.7713508009910583),np.float64(1.1854252815246582),np.float64(0.2957058846950531),np.float64(0.4143824279308319),np.float64(0.45005884766578674),np.float64(0.17587168514728546),np.float64(0.16654083132743835)
362,np.float64(0.18831147253513336),np.float64(0.44484779238700867),np.float64(0.3500329852104187),np.float64(0.3886602222919464),np.float64(0.7687950134277344),np.float64(0.31584733724594116),np.float64(0.2832499146461487),np.float64(0.3764965534210205),np.float64(0.2530328631401062),np.float64(0.14789626002311707)
363,np.float64(0.24608555436134338),np.float64(0.5130795836448669),np.float64(0.30333733558654785),np.float64(0.9594085812568665),np.float64(0.9334784150123596),np.float64(0.31785228848457336),np.float64(0.4877665936946869),np.float64(0.4490230679512024),np.float64(0.16310752928256989),np.float64(0.22059506177902222)
364,np.float64(0.23169837892055511),np.float64(0.534469485282898),np.float64(0.30483049154281616),np.float64(0.7927517294883728),np.float64(1.0974133014678955),np.float64(0.30950090289115906),np.float64(0.4240894913673401),np.float64(0.41885992884635925),np.float64(0.20921248197555542),np.float64(0.19277197122573853)
365,np.float64(0.22476188838481903),np.float64(0.6012945771217346),np.float64(0.3608647286891937),np.float64(0.5667186379432678),np.float64(1.1305934190750122),np.float64(0.2882448434829712),np.float64(0.3205035626888275),np.float64(0.4219072163105011),np.float64(0.22262606024742126),np.float64(0.13398930430412292)
366,np.float64(0.1975688934326172),np.float64(0.49270156025886536),np.float64(0.31424710154533386),np.float64(0.5853572487831116),np.float64(0.9283706545829773),np.float64(0.31574738025665283),np.float64(0.36795559525489807),np.float64(0.4227827191352844),np.float64(0.2336457371711731),np.float64(0.16339129209518433)
367,np.float64(0.22106242179870605),np.float64(0.6084728240966797),np.float64(0.272117555141449),np.float64(0.837429940700531),np.float64(0.8405900597572327),np.float64(0.2935023307800293),np.float64(0.48345163464546204),np.float64(0.4113916754722595),np.float64(0.1703115701675415),np.float64(0.2055494785308838)
368,np.float64(0.20899459719657898),np.float64(0.4786735475063324),np.float64(0.3016069531440735),np.float64(0.6352810859680176),np.float64(1.1801053285598755),np.float64(0.32467103004455566),np.float64(0.40157583355903625),np.float64(0.4182308614253998),np.float64(0.22982724010944366),np.float64(0.19689305126667023)
369,np.float64(0.23298275470733643),np.float64(0.5994948148727417),np.float64(0.27895575761795044),np.float64(0.6636273264884949),np.float64(1.1973963975906372),np.float64(0.2876144349575043),np.float64(0.3769262731075287),np.float64(0.4812540113925934),np.float64(0.2503081262111664),np.float64(0.16587385535240173)
370,np.float64(0.21998034417629242),np.float64(0.60786372423172),np.float64(0.5082703232765198),np.float64(0.5263254642486572),np.float64(0.7567613124847412),np.float64(0.2921675741672516),np.float64(0.22985988855361938),np.float64(0.32992327213287354),np.float64(0.30803120136260986),np.float64(0.21349938213825226)
371,np.float64(0.19563697278499603),np.float64(0.49181652069091797),np.float64(0.3172405958175659),np.float64(0.5756943821907043),np.float64(1.076129674911499),np.float64(0.3147629499435425),np.float64(0.3697932958602905),np.float64(0.44125598669052124),np.float64(0.225648894906044),np.float64(0.1147824376821518)
372,np.float64(0.17343704402446747),np.float64(0.4184625744819641),np.float64(0.27412280440330505),np.float64(0.5120937824249268),np.float64(0.9431758522987366),np.float64(0.33516013622283936),np.float64(0.3952758014202118),np.float64(0.4597531259059906),np.float64(0.19988524913787842),np.float64(0.12265513092279434)
373,np.float64(0.24982835352420807),np.float64(0.5685529112815857),np.float64(0.3171897828578949),np.float64(1.1469643115997314),np.float64(1.1375794410705566),np.float64(0.2979181110858917),np.float64(0.48551860451698303),np.float64(0.40439683198928833),np.float64(0.1729765385389328),np.float64(0.22148467600345612)
374,np.float64(-0.4388827979564667),np.float64(0.4550260007381439),np.float64(0.3719881772994995),np.float64(1.0707212686538696),np.float64(1.2155581712722778),np.float64(1.5831427574157715),np.float64(0.692223846912384),np.float64(0.2688480019569397),np.float64(0.16126231849193573),np.float64(0.13128916919231415)
375,np.float64(0.19340789318084717),np.float64(0.4881975054740906),np.float64(0.31460464000701904),np.float64(0.5278653502464294),np.float64(1.8449790477752686),np.float64(0.29669344425201416),np.float64(0.31359389424324036),np.float64(0.46490782499313354),np.float64(0.19458521902561188),np.float64(0.11397521197795868)
376,np.float64(0.17835570871829987),np.float64(0.40651923418045044),np.float64(0.2962140738964081),np.float64(0.5308975577354431),np.float64(1.030447006225586),np.float64(0.3371197581291199),np.float64(0.38258862495422363),np.float64(0.4228256046772003),np.float64(0.2556212842464447),np.float64(0.13122116029262543)
377,np.float64(0.1930668205022812),np.float64(0.44737154245376587),np.float64(0.282522052526474),np.float64(0.6869164109230042),np.float64(1.092592716217041),np.float64(0.3352813422679901),np.float64(0.4204454720020294),np.float64(0.45999839901924133),np.float64(0.22937043011188507),np.float64(0.17286784946918488)
378,np.float64(-0.22778190672397614),np.float64(0.786279559135437),np.float64(0.5659483671188354),np.float64(0.33536744117736816),np.float64(2.2827138900756836),np.float64(-0.16798314452171326),np.float64(0.19616353511810303),np.float64(0.49862873554229736),np.float64(0.30505433678627014),np.float64(0.17431531846523285)
379,np.float64(0.2211439609527588),np.float64(0.5423933863639832),np.float64(0.2985776364803314),np.float64(0.7183105945587158),np.float64(1.1329210996627808),np.float64(0.3130306601524353),np.float64(0.3978751301765442),np.float64(0.4412404000759125),np.float64(0.22116614878177643),np.float64(0.1717166155576706)
380,np.float64(0.18521155416965485),np.float64(0.44874057173728943),np.float64(0.3361044228076935),np.float64(0.5239729881286621),np.float64(0.9071534872055054),np.float64(0.3273852467536926),np.float64(0.3437577486038208),np.float64(0.4232105314731598),np.float64(0.2497873157262802),np.float64(0.1480257660150528)
381,np.float64(0.23385602235794067),np.float64(0.3755097985267639),np.float64(0.32036447525024414),np.float64(0.7053236365318298),np.float64(0.7677363753318787),np.float64(0.38167786598205566),np.float64(0.5317764282226562),np.float64(0.36899271607398987),np.float64(0.21090684831142426),np.float64(0.20652179419994354)
382,np.float64(0.2079438865184784),np.float64(0.49097055196762085),np.float64(0.26660603284835815),np.float64(0.9516205191612244),np.float64(0.8453077673912048),np.float64(0.32103288173675537),np.float64(0.4994012117385864),np.float64(0.40441790223121643),np.float64(0.13029372692108154),np.float64(0.19041261076927185)
383,np.float64(-0.5813700556755066),np.float64(0.003873057197779417),np.float64(0.5104064345359802),np.float64(0.13808542490005493),np.float64(1.4295607805252075),np.float64(0.31986498832702637),np.float64(1.2406141757965088),np.float64(0.496116042137146),np.float64(0.34004729986190796),np.float64(0.1688062995672226)
384,np.float64(0.24852730333805084),np.float64(0.47996026277542114),np.float64(0.3398086428642273),np.float64(1.054860234260559),np.float64(0.8496617674827576),np.float64(0.33120372891426086),np.float64(0.48628872632980347),np.float64(0.41132378578186035),np.float64(0.21615582704544067),np.float64(0.2211342751979828)
385,np.float64(0.18711376190185547),np.float64(0.4801899194717407),np.float64(0.3854770064353943),np.float64(0.4275021255016327),np.float64(2.040313243865967),np.float64(0.3210269510746002),np.float64(0.2910945415496826),np.float64(0.4346356987953186),np.float64(0.2979261577129364),np.float64(0.19596467912197113)
386,np.float64(0.20391492545604706),np.float64(0.47108566761016846),np.float64(0.2704361379146576),np.float64(0.6548977494239807),np.float64(1.2128945589065552),np.float64(0.31462961435317993),np.float64(0.4168007969856262),np.float64(0.4599480926990509),np.float64(0.2027883380651474),np.float64(0.11690958589315414)
387,np.float64(-0.30218344926834106),np.float64(0.40171945095062256),np.float64(0.33817049860954285),np.float64(0.7028447985649109),np.float64(0.9595806002616882),np.float64(1.5493321418762207),np.float64(0.612589955329895),np.float64(0.32731106877326965),np.float64(0.2044689953327179),np.float64(0.15882904827594757)
388,np.float64(0.21249718964099884),np.float64(0.592908501625061),np.float64(0.4373224973678589),np.float64(0.4722955822944641),np.float64(1.115968108177185),np.float64(0.28347671031951904),np.float64(0.26467934250831604),np.float64(0.43976110219955444),np.float64(0.24744170904159546),np.float64(0.12994803488254547)
389,np.float64(0.19742436707019806),np.float64(0.4831625819206238),np.float64(0.3048720955848694),np.float64(0.6347309947013855),np.float64(1.1386669874191284),np.float64(0.3184926509857178),np.float64(0.37946072220802307),np.float64(0.4285327196121216),np.float64(0.21683980524539948),np.float64(0.12518683075904846)
390,np.float64(0.21596097946166992),np.float64(0.4832850396633148),np.float64(0.30893421173095703),np.float64(0.6875628232955933),np.float64(1.2050350904464722),np.float64(0.32509884238243103),np.float64(0.41775423288345337),np.float64(0.41185420751571655),np.float64(0.22208933532238007),np.float64(0.15705402195453644)
391,np.float64(0.24074095487594604),np.float64(0.5146082639694214),np.float64(0.31367820501327515),np.float64(1.0438436269760132),np.float64(1.0198591947555542),np.float64(0.32335031032562256),np.float64(0.47575047612190247),np.float64(0.4112093150615692),np.float64(0.20749813318252563),np.float64(0.22161217033863068)
392,np.float64(0.2354021817445755),np.float64(0.6906015276908875),np.float64(0.4245142936706543),np.float64(0.4898846447467804),np.float64(1.1143168210983276),np.float64(0.27159202098846436),np.float64(0.27115747332572937),np.float64(0.46603336930274963),np.float64(0.26102229952812195),np.float64(0.10875154286623001)
393,np.float64(0.23372511565685272),np.float64(0.6837852597236633),np.float64(0.4584703743457794),np.float64(0.4934312105178833),np.float64(0.9913773536682129),np.float64(0.2709951400756836),np.float64(0.25443699955940247),np.float64(0.39620211720466614),np.float64(0.30972397327423096),np.float64(0.16362544894218445)
394,np.float64(0.24716322124004364),np.float64(0.5927632451057434),np.float64(0.3364662230014801),np.float64(1.7704390287399292),np.float64(0.6338381767272949),np.float64(0.30935412645339966),np.float64(0.4437125325202942),np.float64(0.41094937920570374),np.float64(0.17854949831962585),np.float64(0.22085686028003693)
395,np.float64(0.2264573723077774),np.float64(0.3698524236679077),np.float64(0.3731229901313782),np.float64(0.6223223805427551),np.float64(0.9861611127853394),np.float64(0.3897871971130371),np.float64(0.4584767818450928),np.float64(0.3386155664920807),np.float64(0.22395731508731842),np.float64(0.1628217101097107)
396,np.float64(0.2003192901611328),np.float64(0.4772332012653351),np.float64(0.29979875683784485),np.float64(0.5825785398483276),np.float64(1.2368141412734985),np.float64(0.3093207776546478),np.float64(0.3752879202365875),np.float64(0.44938382506370544),np.float64(0.19201774895191193),np.float64(0.1445557177066803)
397,np.float64(0.23802007734775543),np.float64(0.41989409923553467),np.float64(0.3269013464450836),np.float64(0.7954164743423462),np.float64(0.9339359998703003),np.float64(0.3582291007041931),np.float64(0.4998490512371063),np.float64(0.39085128903388977),np.float64(0.2277822494506836),np.float64(0.19637851417064667)
398,np.float64(0.19244006276130676),np.float64(0.4775118827819824),np.float64(0.38046255707740784),np.float64(0.44965967535972595),np.float64(0.9131936430931091),np.float64(0.31072601675987244),np.float64(0.2900197207927704),np.float64(0.3951112926006317),np.float64(0.2851124107837677),np.float64(0.15403158962726593)
399,np.float64(0.17032985389232635),np.float64(0.3876732289791107),np.float64(0.3225821852684021),np.float64(0.470646470785141),np.float64(0.8595945835113525),np.float64(0.3376774489879608),np.float64(0.3318943977355957),np.float64(0.40645772218704224),np.float64(0.2587244212627411),np.float64(0.14306960999965668)
400,np.float64(0.23063786327838898),np.float64(0.5551812648773193),np.float64(0.2771822214126587),np.float64(1.0968579053878784),np.float64(0.8410897254943848),np.float64(0.30378663539886475),np.float64(0.48386478424072266),np.float64(0.4092983603477478),np.float64(0.15150485932826996),np.float64(0.20547594130039215)
401,np.float64(0.22370678186416626),np.float64(0.5536518692970276),np.float64(0.27208831906318665),np.float64(0.7044098377227783),np.float64(1.204314112663269),np.float64(0.3154376149177551),np.float64(0.43452149629592896),np.float64(0.4424654245376587),np.float64(0.21670319139957428),np.float64(0.17202799022197723)
402,np.float64(0.2503843307495117),np.float64(0.3815784454345703),np.float64(0.40841275453567505),np.float64(0.8931823968887329),np.float64(1.090973973274231),np.float64(0.38759320974349976),np.float64(0.4853525757789612),np.float64(0.36292764544487),np.float64(0.23500803112983704),np.float64(0.18342874944210052)
403,np.float64(0.29501625895500183),np.float64(0.3762122690677643),np.float64(0.41537371277809143),np.float64(0.9782723188400269),np.float64(0.8427883982658386),np.float64(0.3848077952861786),np.float64(0.5578436255455017),np.float64(0.3618079423904419),np.float64(0.2423563301563263),np.float64(0.24807003140449524)
404,np.float64(0.22954672574996948),np.float64(0.6030452847480774),np.float64(0.3344227969646454),np.float64(0.6533796787261963),np.float64(1.2978721857070923),np.float64(0.2978542149066925),np.float64(0.3541598320007324),np.float64(0.4550045430660248),np.float64(0.2384946048259735),np.float64(0.17169901728630066)
405,np.float64(0.22326749563217163),np.float64(0.5505577325820923),np.float64(0.2903655767440796),np.float64(0.7957409024238586),np.float64(1.2151647806167603),np.float64(0.2947314381599426),np.float64(0.41522300243377686),np.float64(0.4139511287212372),np.float64(0.19299079477787018),np.float64(0.15090149641036987)
406,np.float64(0.23864728212356567),np.float64(0.556446373462677),np.float64(0.30919817090034485),np.float64(1.5327630043029785),np.float64(0.888464629650116),np.float64(0.29939886927604675),np.float64(0.4645712375640869),np.float64(0.3986847400665283),np.float64(0.1430579572916031),np.float64(0.1809547245502472)
407,np.float64(0.22927428781986237),np.float64(0.5358571410179138),np.float64(0.2950010895729065),np.float64(1.2005996704101562),np.float64(0.8869757056236267),np.float64(0.3098765015602112),np.float64(0.4839939773082733),np.float64(0.4323882460594177),np.float64(0.14608947932720184),np.float64(0.1760946363210678)
408,np.float64(0.23868481814861298),np.float64(0.49779418110847473),np.float64(0.3118882477283478),np.float64(0.9397817254066467),np.float64(1.0491706132888794),np.float64(0.31942692399024963),np.float64(0.4507181942462921),np.float64(0.48783355951309204),np.float64(0.1856306791305542),np.float64(0.1882299780845642)
409,np.float64(0.2290540188550949),np.float64(0.5218828320503235),np.float64(0.38656729459762573),np.float64(1.0121510028839111),np.float64(1.0849285125732422),np.float64(0.3216533362865448),np.float64(0.3821098208427429),np.float64(0.3902375102043152),np.float64(0.22123223543167114),np.float64(0.19268345832824707)
410,np.float64(0.24997474253177643),np.float64(0.5564465522766113),np.float64(0.3182925879955292),np.float64(1.166064977645874),np.float64(0.9505268335342407),np.float64(0.3014245927333832),np.float64(0.4955156147480011),np.float64(0.40931814908981323),np.float64(0.1504134237766266),np.float64(0.1696207970380783)
411,np.float64(0.20097190141677856),np.float64(0.43340951204299927),np.float64(0.2806583344936371),np.float64(0.6660434007644653),np.float64(1.0627201795578003),np.float64(0.34130075573921204),np.float64(0.4537731111049652),np.float64(0.4240516722202301),np.float64(0.24070073664188385),np.float64(0.17857176065444946)
412,np.float64(0.21911580860614777),np.float64(0.5262271165847778),np.float64(0.33767589926719666),np.float64(1.0481722354888916),np.float64(1.188422679901123),np.float64(0.309541791677475),np.float64(0.39517730474472046),np.float64(0.47402092814445496),np.float64(0.18422521650791168),np.float64(0.18181602656841278)
413,np.float64(0.20658037066459656),np.float64(0.5377216935157776),np.float64(0.3616611659526825),np.float64(0.4945297837257385),np.float64(1.217965841293335),np.float64(0.30869072675704956),np.float64(0.3128546178340912),np.float64(0.4676741063594818),np.float64(0.2013811618089676),np.float64(0.17962214350700378)
414,np.float64(0.21219365298748016),np.float64(0.5273916721343994),np.float64(0.3444008529186249),np.float64(0.5528738498687744),np.float64(1.0689786672592163),np.float64(0.29857003688812256),np.float64(0.33511608839035034),np.float64(0.41770169138908386),np.float64(0.22752586007118225),np.float64(0.12542949616909027)
415,np.float64(0.2052222192287445),np.float64(0.4904843866825104),np.float64(0.26821982860565186),np.float64(0.6448146104812622),np.float64(1.0975371599197388),np.float64(0.31575894355773926),np.float64(0.40164250135421753),np.float64(0.4742966294288635),np.float64(0.22114968299865723),np.float64(0.1556592732667923)
416,np.float64(0.19106510281562805),np.float64(0.43707799911499023),np.float64(0.2822906970977783),np.float64(0.6421917080879211),np.float64(1.031829595565796),np.float64(0.3334873914718628),np.float64(0.42169418931007385),np.float64(0.4468560516834259),np.float64(0.21770450472831726),np.float64(0.15174706280231476)
417,np.float64(0.20246386528015137),np.float64(0.4795340597629547),np.float64(0.29057708382606506),np.float64(0.6582664847373962),np.float64(1.0310567617416382),np.float64(0.3309876620769501),np.float64(0.42457547783851624),np.float64(0.4586978852748871),np.float64(0.22598375380039215),np.float64(0.15609970688819885)
418,np.float64(0.14538858830928802),np.float64(0.564120352268219),np.float64(-0.31275030970573425),np.float64(0.3600558042526245),np.float64(1.8230503797531128),np.float64(0.37860816717147827),np.float64(1.5076336860656738),np.float64(-0.9238436818122864),np.float64(0.2772616446018219),np.float64(0.22632484138011932)
419,np.float64(0.17919857800006866),np.float64(0.41035768389701843),np.float64(0.284318745136261),np.float64(0.5386261940002441),np.float64(0.9147806167602539),np.float64(0.34317171573638916),np.float64(0.40553727746009827),np.float64(0.43517574667930603),np.float64(0.2114258110523224),np.float64(0.13726279139518738)
420,np.float64(0.21900026500225067),np.float64(0.49041810631752014),np.float64(0.2758215367794037),np.float64(0.8931597471237183),np.float64(0.9362901449203491),np.float64(0.3268640339374542),np.float64(0.47510045766830444),np.float64(0.42145633697509766),np.float64(0.16939684748649597),np.float64(0.2268851399421692)
421,np.float64(0.2764703631401062),np.float64(0.5975127816200256),np.float64(0.28794166445732117),np.float64(1.0656189918518066),np.float64(0.9597485065460205),np.float64(0.2884559631347656),np.float64(0.5390642285346985),np.float64(0.4101790487766266),np.float64(0.1458832025527954),np.float64(0.17272651195526123)
422,np.float64(0.21063366532325745),np.float64(0.36386099457740784),np.float64(0.36569076776504517),np.float64(0.6454005837440491),np.float64(0.841763973236084),np.float64(0.39970794320106506),np.float64(0.4691919684410095),np.float64(0.3527502417564392),np.float64(0.21665172278881073),np.float64(0.15582458674907684)
423,np.float64(0.2581745982170105),np.float64(0.6498960256576538),np.float64(0.3373855650424957),np.float64(1.1945258378982544),np.float64(1.2366807460784912),np.float64(0.28592774271965027),np.float64(0.4195954203605652),np.float64(0.48435714840888977),np.float64(0.18246079981327057),np.float64(0.21290163695812225)
424,np.float64(0.1937049925327301),np.float64(0.48197829723358154),np.float64(0.32780829071998596),np.float64(0.6017956733703613),np.float64(1.8914368152618408),np.float64(0.30742695927619934),np.float64(0.3385412096977234),np.float64(0.44896596670150757),np.float64(0.19075636565685272),np.float64(0.1372760534286499)
425,np.float64(0.20095260441303253),np.float64(0.44678518176078796),np.float64(0.2898252606391907),np.float64(0.622636079788208),np.float64(1.1041361093521118),np.float64(0.34115129709243774),np.float64(0.4135347604751587),np.float64(0.4402856230735779),np.float64(0.2836388349533081),np.float64(0.17510123550891876)
426,np.float64(0.18403154611587524),np.float64(0.4730375111103058),np.float64(0.35184645652770996),np.float64(0.521972119808197),np.float64(2.0209617614746094),np.float64(0.30666476488113403),np.float64(0.3050415813922882),np.float64(0.4418429136276245),np.float64(0.1654507964849472),np.float64(0.15030452609062195)
427,np.float64(0.16729673743247986),np.float64(0.38458025455474854),np.float64(0.30662164092063904),np.float64(0.48044630885124207),np.float64(0.8273765444755554),np.float64(0.34433379769325256),np.float64(0.35769104957580566),np.float64(0.42224323749542236),np.float64(0.24404844641685486),np.float64(0.1483331322669983)
428,np.float64(0.15968835353851318),np.float64(0.36833086609840393),np.float64(0.30860215425491333),np.float64(0.4261857271194458),np.float64(0.7449031472206116),np.float64(0.3376711905002594),np.float64(0.29591187834739685),np.float64(0.3979837894439697),np.float64(0.2321573942899704),np.float64(0.14184686541557312)
429,np.float64(0.19791074097156525),np.float64(0.4535238742828369),np.float64(0.2795601785182953),np.float64(0.6597709059715271),np.float64(1.1286001205444336),np.float64(0.32328787446022034),np.float64(0.41923055052757263),np.float64(0.4339076578617096),np.float64(0.18425685167312622),np.float64(0.13759811222553253)
430,np.float64(0.1912047564983368),np.float64(0.44519561529159546),np.float64(0.30299535393714905),np.float64(0.5657751560211182),np.float64(1.0532575845718384),np.float64(0.3261900842189789),np.float64(0.3838019371032715),np.float64(0.42652177810668945),np.float64(0.2685237228870392),np.float64(0.1586608588695526)
431,np.float64(0.20898588001728058),np.float64(0.5209237337112427),np.float64(0.32793277502059937),np.float64(0.551805853843689),np.float64(1.3271174430847168),np.float64(0.30402442812919617),np.float64(0.34020885825157166),np.float64(0.4553830325603485),np.float64(0.21623986959457397),np.float64(0.15081249177455902)
432,np.float64(0.1960374116897583),np.float64(0.5397520065307617),np.float64(0.43496599793434143),np.float64(0.377263605594635),np.float64(1.4220930337905884),np.float64(0.28468000888824463),np.float64(0.22353126108646393),np.float64(0.4456397294998169),np.float64(0.25162750482559204),np.float64(0.13740193843841553)
433,np.float64(0.21205709874629974),np.float64(0.507658839225769),np.float64(0.36013782024383545),np.float64(0.7072680592536926),np.float64(1.015190601348877),np.float64(0.3215707242488861),np.float64(0.34777143597602844),np.float64(0.4025914669036865),np.float64(0.23014496266841888),np.float64(0.18932665884494781)
434,np.float64(0.21810925006866455),np.float64(0.5151869654655457),np.float64(0.286887526512146),np.float64(0.6921722292900085),np.float64(1.078961730003357),np.float64(0.3106447458267212),np.float64(0.41120776534080505),np.float64(0.45813149213790894),np.float64(0.20157264173030853),np.float64(0.14388836920261383)
435,np.float64(0.20539698004722595),np.float64(0.5193163752555847),np.float64(0.3657733201980591),np.float64(0.5524972677230835),np.float64(1.0870437622070312),np.float64(0.30131372809410095),np.float64(0.3041500151157379),np.float64(0.4015016257762909),np.float64(0.27396103739738464),np.float64(0.15402933955192566)
436,np.float64(0.2768608331680298),np.float64(0.35288241505622864),np.float64(0.6045082211494446),np.float64(0.9426223635673523),np.float64(0.8473568558692932),np.float64(0.4227445423603058),np.float64(0.42184683680534363),np.float64(0.25769156217575073),np.float64(0.28355127573013306),np.float64(0.29995444416999817)
437,np.float64(0.21617372334003448),np.float64(0.5094583630561829),np.float64(0.30088651180267334),np.float64(0.7226890921592712),np.float64(1.2863860130310059),np.float64(0.30892759561538696),np.float64(0.40512436628341675),np.float64(0.4429047107696533),np.float64(0.18295073509216309),np.float64(0.15904313325881958)
438,np.float64(0.17804887890815735),np.float64(0.45552870631217957),np.float64(0.3737708628177643),np.float64(0.3469073474407196),np.float64(1.753296136856079),np.float64(0.3040044605731964),np.float64(0.2474762499332428),np.float64(0.41326451301574707),np.float64(0.29408392310142517),np.float64(0.16909824311733246)
439,np.float64(0.22924189269542694),np.float64(0.8025755286216736),np.float64(0.7146651744842529),np.float64(0.2946496307849884),np.float64(2.1407229900360107),np.float64(0.2557307779788971),np.float64(0.15614496171474457),np.float64(0.3617148995399475),np.float64(0.3764810264110565),np.float64(0.18516667187213898)
440,np.float64(-0.6074579954147339),np.float64(0.6131264567375183),np.float64(0.6492663621902466),np.float64(1.1382410526275635),np.float64(1.0160062313079834),np.float64(1.5689324140548706),np.float64(0.8129976391792297),np.float64(0.18731729686260223),np.float64(0.17631500959396362),np.float64(0.23401446640491486)
441,np.float64(0.2089575082063675),np.float64(0.5086321234703064),np.float64(0.3219575583934784),np.float64(1.8528395891189575),np.float64(0.6324552297592163),np.float64(0.3109758198261261),np.float64(0.3883998692035675),np.float64(0.47918394207954407),np.float64(0.12201137840747833),np.float64(0.09890375286340714)
442,np.float64(0.22573837637901306),np.float64(0.4439111649990082),np.float64(0.28598201274871826),np.float64(0.7264988422393799),np.float64(0.9928844571113586),np.float64(0.34048038721084595),np.float64(0.5008291006088257),np.float64(0.4232248365879059),np.float64(0.22926242649555206),np.float64(0.19787730276584625)
443,np.float64(0.24414794147014618),np.float64(0.5629073977470398),np.float64(0.3286454975605011),np.float64(1.1859245300292969),np.float64(1.0520297288894653),np.float64(0.307079017162323),np.float64(0.43314701318740845),np.float64(0.39851802587509155),np.float64(0.16549986600875854),np.float64(0.16234822571277618)
444,np.float64(0.2498527616262436),np.float64(0.5876291394233704),np.float64(0.333641916513443),np.float64(1.3517675399780273),np.float64(1.0148746967315674),np.float64(0.29188305139541626),np.float64(0.45308780670166016),np.float64(0.4419129192829132),np.float64(0.15221007168293),np.float64(0.17482835054397583)
445,np.float64(0.2548583149909973),np.float64(0.5749748349189758),np.float64(0.32793858647346497),np.float64(0.9469360709190369),np.float64(1.136450171470642),np.float64(0.30393925309181213),np.float64(0.44228827953338623),np.float64(0.4114290773868561),np.float64(0.16984620690345764),np.float64(0.17740164697170258)
446,np.float64(0.22825472056865692),np.float64(0.5361596941947937),np.float64(0.3200506269931793),np.float64(1.0294309854507446),np.float64(1.0245996713638306),np.float64(0.31272339820861816),np.float64(0.44714003801345825),np.float64(0.47410082817077637),np.float64(0.2176104485988617),np.float64(0.24764633178710938)
447,np.float64(0.23776690661907196),np.float64(0.5643004179000854),np.float64(0.3084449768066406),np.float64(0.9340042471885681),np.float64(1.1802377700805664),np.float64(0.301718533039093),np.float64(0.4364932179450989),np.float64(0.4330728054046631),np.float64(0.15217120945453644),np.float64(0.16227507591247559)
448,np.float64(0.17881089448928833),np.float64(0.43302813172340393),np.float64(0.3418174982070923),np.float64(0.4639132618904114),np.float64(0.877252459526062),np.float64(0.32817527651786804),np.float64(0.3277377188205719),np.float64(0.4097859859466553),np.float64(0.2616085112094879),np.float64(0.1444759964942932)
449,np.float64(0.23862242698669434),np.float64(0.5987491607666016),np.float64(0.29039308428764343),np.float64(1.0066180229187012),np.float64(1.2009254693984985),np.float64(0.296265572309494),np.float64(0.4296287000179291),np.float64(0.45967206358909607),np.float64(0.2222190648317337),np.float64(0.18027885258197784)
450,np.float64(0.20234450697898865),np.float64(0.49204152822494507),np.float64(0.31181007623672485),np.float64(0.6174571514129639),np.float64(1.1005175113677979),np.float64(0.3144887685775757),np.float64(0.3700796663761139),np.float64(0.4420204162597656),np.float64(0.2188684195280075),np.float64(0.1339179426431656)
451,np.float64(0.2508332133293152),np.float64(0.6700289845466614),np.float64(0.3467809855937958),np.float64(0.7637350559234619),np.float64(1.3870350122451782),np.float64(0.27357059717178345),np.float64(0.35129114985466003),np.float64(0.4458411633968353),np.float64(0.2131284922361374),np.float64(0.15987588465213776)
452,np.float64(0.25486570596694946),np.float64(0.6122854351997375),np.float64(0.3095710277557373),np.float64(1.1053818464279175),np.float64(1.272682547569275),np.float64(0.2864540219306946),np.float64(0.4263119697570801),np.float64(0.441579669713974),np.float64(0.22503584623336792),np.float64(0.2700345516204834)
453,np.float64(0.23582617938518524),np.float64(0.5987290740013123),np.float64(0.3008666932582855),np.float64(0.8541254997253418),np.float64(1.3997037410736084),np.float64(0.28967154026031494),np.float64(0.41509389877319336),np.float64(0.4579787850379944),np.float64(0.1850036084651947),np.float64(0.14883175492286682)
454,np.float64(0.19691745936870575),np.float64(0.4661861062049866),np.float64(0.3988003730773926),np.float64(0.5228881239891052),np.float64(0.9503803849220276),np.float64(0.3314337134361267),np.float64(0.31307312846183777),np.float64(0.38215842843055725),np.float64(0.23759359121322632),np.float64(0.1598891019821167)
455,np.float64(0.2518402338027954),np.float64(0.5760585069656372),np.float64(0.29523706436157227),np.float64(0.9679737091064453),np.float64(1.1689128875732422),np.float64(0.29901742935180664),np.float64(0.42906326055526733),np.float64(0.49608197808265686),np.float64(0.2155211716890335),np.float64(0.21741983294487)
456,np.float64(0.22081468999385834),np.float64(0.4435431659221649),np.float64(0.3182334899902344),np.float64(0.8872175812721252),np.float64(0.8130223155021667),np.float64(0.34220823645591736),np.float64(0.48339447379112244),np.float64(0.39722925424575806),np.float64(0.136395663022995),np.float64(0.15027694404125214)
457,np.float64(0.21698372066020966),np.float64(0.4353802502155304),np.float64(0.3102787435054779),np.float64(0.7181670665740967),np.float64(0.8958638906478882),np.float64(0.34532982110977173),np.float64(0.4759388864040375),np.float64(0.39721566438674927),np.float64(0.2005501538515091),np.float64(0.1664559245109558)
458,np.float64(0.21787196397781372),np.float64(0.5869556665420532),np.float64(0.3852095603942871),np.float64(0.5281916856765747),np.float64(1.3467110395431519),np.float64(0.2882695198059082),np.float64(0.2960662841796875),np.float64(0.4479232430458069),np.float64(0.25936359167099),np.float64(0.15563508868217468)
459,np.float64(0.1864785999059677),np.float64(0.453051894903183),np.float64(0.3751283586025238),np.float64(0.3994353711605072),np.float64(0.8401792645454407),np.float64(0.31309762597084045),np.float64(0.2661307156085968),np.float64(0.39019665122032166),np.float64(0.2707662582397461),np.float64(0.13514484465122223)
460,np.float64(0.18752041459083557),np.float64(0.4558200538158417),np.float64(0.3060789704322815),np.float64(0.5184113383293152),np.float64(1.2485970258712769),np.float64(0.31142470240592957),np.float64(0.33534005284309387),np.float64(0.46963322162628174),np.float64(0.2130846232175827),np.float64(0.1312270164489746)
461,np.float64(0.21006162464618683),np.float64(0.49251753091812134),np.float64(0.30352678894996643),np.float64(0.6613332033157349),np.float64(1.1987967491149902),np.float64(0.31330180168151855),np.float64(0.3955020010471344),np.float64(0.4535311460494995),np.float64(0.210792675614357),np.float64(0.16889528930187225)
462,np.float64(0.21383582055568695),np.float64(0.4769543409347534),np.float64(0.2992287874221802),np.float64(0.6269962787628174),np.float64(1.0813699960708618),np.float64(0.3344011604785919),np.float64(0.44277194142341614),np.float64(0.41093629598617554),np.float64(0.22394466400146484),np.float64(0.1661091148853302)
463,np.float64(0.20171265304088593),np.float64(0.4724246859550476),np.float64(0.2906714975833893),np.float64(0.6695356965065002),np.float64(1.025456428527832),np.float64(0.333891898393631),np.float64(0.4154999554157257),np.float64(0.4452201724052429),np.float64(0.25333401560783386),np.float64(0.2195795178413391)
464,np.float64(0.18387679755687714),np.float64(0.4186268746852875),np.float64(0.31114232540130615),np.float64(0.6180424094200134),np.float64(0.9181744456291199),np.float64(0.35259005427360535),np.float64(0.3966970443725586),np.float64(0.40389132499694824),np.float64(0.21531140804290771),np.float64(0.1690840721130371)
465,np.float64(0.22705118358135223),np.float64(0.3105323910713196),np.float64(0.4359036087989807),np.float64(0.6011661291122437),np.float64(0.8249145150184631),np.float64(0.4541112184524536),np.float64(0.48381176590919495),np.float64(0.32393842935562134),np.float64(0.2480175644159317),np.float64(0.17302681505680084)
466,np.float64(0.22102616727352142),np.float64(0.46987372636795044),np.float64(0.292795330286026),np.float64(0.739822506904602),np.float64(0.9337446689605713),np.float64(0.3281743824481964),np.float64(0.44359537959098816),np.float64(0.4393550157546997),np.float64(0.17151598632335663),np.float64(0.17045602202415466)
467,np.float64(0.2837468087673187),np.float64(0.3809678554534912),np.float64(0.5235100388526917),np.float64(1.2483872175216675),np.float64(1.0663695335388184),np.float64(0.38636916875839233),np.float64(0.45982012152671814),np.float64(0.3180888593196869),np.float64(0.23490796983242035),np.float64(0.25242865085601807)
468,np.float64(-0.5258867144584656),np.float64(0.47008752822875977),np.float64(0.10728149861097336),np.float64(1.6804449558258057),np.float64(0.5798572897911072),np.float64(1.5615811347961426),np.float64(0.5249062776565552),np.float64(0.31803610920906067),np.float64(0.09050426632165909),np.float64(0.20959097146987915)
469,np.float64(0.20811258256435394),np.float64(0.5249348282814026),np.float64(0.3243010342121124),np.float64(0.5788446664810181),np.float64(1.1503986120224),np.float64(0.2983591556549072),np.float64(0.3405304551124573),np.float64(0.4383734166622162),np.float64(0.23612655699253082),np.float64(0.12945283949375153)
470,np.float64(0.23018449544906616),np.float64(0.5939333438873291),np.float64(0.32378482818603516),np.float64(0.7760409712791443),np.float64(1.2070338726043701),np.float64(0.30577144026756287),np.float64(0.4045927822589874),np.float64(0.4477083683013916),np.float64(0.22047507762908936),np.float64(0.16192340850830078)
471,np.float64(0.1769619882106781),np.float64(0.5451098084449768),np.float64(0.5322052836418152),np.float64(0.2700943946838379),np.float64(1.8403100967407227),np.float64(0.2931901812553406),np.float64(0.18456432223320007),np.float64(0.4006877839565277),np.float64(0.3423592150211334),np.float64(0.19069316983222961)
472,np.float64(0.24804352223873138),np.float64(0.5424146056175232),np.float64(0.26990053057670593),np.float64(0.8284903168678284),np.float64(1.1943073272705078),np.float64(0.30256974697113037),np.float64(0.5038920044898987),np.float64(0.4358026683330536),np.float64(0.22986038029193878),np.float64(0.2085544466972351)
473,np.float64(0.24119608104228973),np.float64(0.6388402581214905),np.float64(0.30147919058799744),np.float64(0.8407308459281921),np.float64(1.5304256677627563),np.float64(0.2803475260734558),np.float64(0.40322840213775635),np.float64(0.45589786767959595),np.float64(0.19257919490337372),np.float64(0.15419776737689972)
474,np.float64(0.2151714265346527),np.float64(0.4636717140674591),np.float64(0.3003174066543579),np.float64(0.8928182125091553),np.float64(0.9986120462417603),np.float64(0.3331291079521179),np.float64(0.47315436601638794),np.float64(0.42516711354255676),np.float64(0.17096161842346191),np.float64(0.1809397041797638)
475,np.float64(0.23234185576438904),np.float64(0.5411286950111389),np.float64(0.3019742965698242),np.float64(0.8235670924186707),np.float64(1.1218358278274536),np.float64(0.3096657395362854),np.float64(0.4382321536540985),np.float64(0.430334210395813),np.float64(0.2312103807926178),np.float64(0.20310796797275543)
476,np.float64(0.21215403079986572),np.float64(0.4794062674045563),np.float64(0.27959996461868286),np.float64(0.7416223287582397),np.float64(1.2491742372512817),np.float64(0.3148093521595001),np.float64(0.4398424029350281),np.float64(0.46837249398231506),np.float64(0.1699189394712448),np.float64(0.11998537927865982)
477,np.float64(0.21501705050468445),np.float64(0.5165518522262573),np.float64(0.2999419867992401),np.float64(0.6459099650382996),np.float64(1.1815916299819946),np.float64(0.31243616342544556),np.float64(0.4010077714920044),np.float64(0.43877318501472473),np.float64(0.26918864250183105),np.float64(0.16906321048736572)
478,np.float64(0.21647761762142181),np.float64(0.5082236528396606),np.float64(0.30211305618286133),np.float64(0.7817388772964478),np.float64(1.0635439157485962),np.float64(0.31608855724334717),np.float64(0.39363425970077515),np.float64(0.4750155210494995),np.float64(0.12093546986579895),np.float64(0.19645439088344574)
479,np.float64(0.19299404323101044),np.float64(0.5099905729293823),np.float64(0.38490933179855347),np.float64(0.3850400745868683),np.float64(1.2594538927078247),np.float64(0.289011150598526),np.float64(0.253805935382843),np.float64(0.47348448634147644),np.float64(0.24681802093982697),np.float64(0.12519554793834686)
480,np.float64(0.2182484120130539),np.float64(0.471125990152359),np.float64(0.30671191215515137),np.float64(1.0122697353363037),np.float64(1.29270339012146),np.float64(0.32592329382896423),np.float64(0.4486840069293976),np.float64(0.43711063265800476),np.float64(0.21824860572814941),np.float64(0.16992951929569244)
481,np.float64(0.20782871544361115),np.float64(0.4193439185619354),np.float64(0.3328407406806946),np.float64(0.6939409971237183),np.float64(0.9268549084663391),np.float64(0.3653576970100403),np.float64(0.4549803137779236),np.float64(0.3878597915172577),np.float64(0.2509304881095886),np.float64(0.20092430710792542)
482,np.float64(0.193850576877594),np.float64(0.4634760916233063),np.float64(0.2725904583930969),np.float64(0.496098130941391),np.float64(0.9686179161071777),np.float64(0.31507906317710876),np.float64(0.3696324825286865),np.float64(0.46049508452415466),np.float64(0.19248218834400177),np.float64(0.12109880149364471)
483,np.float64(0.20846322178840637),np.float64(0.573284387588501),np.float64(-0.18107005953788757),np.float64(0.8343424797058105),np.float64(1.1943185329437256),np.float64(0.3088521659374237),np.float64(1.2315967082977295),np.float64(-0.5998098850250244),np.float64(0.19603362679481506),np.float64(0.15621863305568695)
484,np.float64(0.2544015347957611),np.float64(0.3757411241531372),np.float64(0.3778221309185028),np.float64(0.8527576923370361),np.float64(0.8601603507995605),np.float64(0.38950231671333313),np.float64(0.5298678278923035),np.float64(0.32838475704193115),np.float64(0.1906796097755432),np.float64(0.1874833106994629)
485,np.float64(0.2092750519514084),np.float64(0.49078524112701416),np.float64(0.32924675941467285),np.float64(0.6224854588508606),np.float64(1.7667136192321777),np.float64(0.30340269207954407),np.float64(0.3218538165092468),np.float64(0.41186970472335815),np.float64(0.19394513964653015),np.float64(0.21649198234081268)
486,np.float64(0.1812029927968979),np.float64(0.4633796811103821),np.float64(0.380522757768631),np.float64(0.3949209153652191),np.float64(0.8749587535858154),np.float64(0.3030199408531189),np.float64(0.25396624207496643),np.float64(0.4135071039199829),np.float64(0.29753708839416504),np.float64(0.11833536624908447)
487,np.float64(0.1625390648841858),np.float64(0.38768717646598816),np.float64(0.5108557343482971),np.float64(-0.17958566546440125),np.float64(3.7133381366729736),np.float64(0.34115058183670044),np.float64(0.24876965582370758),np.float64(1.3065502643585205),np.float64(-0.7776282429695129),np.float64(0.17316332459449768)
488,np.float64(0.18121659755706787),np.float64(0.4924466609954834),np.float64(0.27956920862197876),np.float64(0.9307865500450134),np.float64(1.3794808387756348),np.float64(0.322574257850647),np.float64(0.4329223036766052),np.float64(0.41498562693595886),np.float64(0.2359248697757721),np.float64(0.15218928456306458)
489,np.float64(0.20953382551670074),np.float64(0.5353513360023499),np.float64(0.2893603444099426),np.float64(0.9275322556495667),np.float64(1.1289422512054443),np.float64(0.3085719048976898),np.float64(0.4521926939487457),np.float64(0.4427618682384491),np.float64(0.21264953911304474),np.float64(0.17345397174358368)
490,np.float64(0.21649067103862762),np.float64(0.5183095335960388),np.float64(0.3016839921474457),np.float64(0.6248337030410767),np.float64(1.0294476747512817),np.float64(0.31338560581207275),np.float64(0.39347702264785767),np.float64(0.45528700947761536),np.float64(0.25301751494407654),np.float64(0.18383800983428955)
491,np.float64(0.24667678773403168),np.float64(0.523802638053894),np.float64(0.3391180634498596),np.float64(1.0664318799972534),np.float64(1.1402883529663086),np.float64(0.31010162830352783),np.float64(0.46945449709892273),np.float64(0.4580870270729065),np.float64(0.1970106065273285),np.float64(0.21602854132652283)
492,np.float64(0.16862468421459198),np.float64(0.4912257492542267),np.float64(0.47802215814590454),np.float64(0.252449631690979),np.float64(1.943442940711975),np.float64(0.2914228141307831),np.float64(0.19229787588119507),np.float64(0.3939811885356903),np.float64(0.3587982654571533),np.float64(0.19542911648750305)
493,np.float64(-0.4742499589920044),np.float64(0.48382067680358887),np.float64(0.46443474292755127),np.float64(1.055796504020691),np.float64(0.8901376724243164),np.float64(1.573850154876709),np.float64(0.8153538107872009),np.float64(0.22171121835708618),np.float64(0.1824726164340973),np.float64(0.20789864659309387)
494,np.float64(0.18235602974891663),np.float64(0.5004402995109558),np.float64(0.39301440119743347),np.float64(0.3544696867465973),np.float64(1.7334476709365845),np.float64(0.2906736433506012),np.float64(0.24121329188346863),np.float64(0.47157377004623413),np.float64(0.2296130359172821),np.float64(0.1509506106376648)
495,np.float64(0.2043592780828476),np.float64(0.507061243057251),np.float64(0.32363009452819824),np.float64(0.5550176501274109),np.float64(1.2068777084350586),np.float64(0.3058728873729706),np.float64(0.3411245048046112),np.float64(0.4610469341278076),np.float64(0.24776773154735565),np.float64(0.14625543355941772)
496,np.float64(0.18327496945858002),np.float64(0.44394153356552124),np.float64(0.327757865190506),np.float64(0.44858160614967346),np.float64(0.9185853600502014),np.float64(0.3143009841442108),np.float64(0.30444568395614624),np.float64(0.4450312852859497),np.float64(0.21857625246047974),np.float64(0.12656737864017487)
497,np.float64(0.22170019149780273),np.float64(0.4917474687099457),np.float64(0.28832608461380005),np.float64(0.6771389245986938),np.float64(0.9903609156608582),np.float64(0.3196512460708618),np.float64(0.4408826231956482),np.float64(0.4425857961177826),np.float64(0.21600356698036194),np.float64(0.18897975981235504)
498,np.float64(0.2257274091243744),np.float64(0.5533100366592407),np.float64(0.3225262463092804),np.float64(0.6653896570205688),np.float64(1.1414439678192139),np.float64(0.29920950531959534),np.float64(0.36553195118904114),np.float64(0.43584302067756653),np.float64(0.24302026629447937),np.float64(0.1602647602558136)
499,np.float64(0.24728989601135254),np.float64(0.4869231879711151),np.float64(0.30941516160964966),np.float64(0.9815390110015869),np.float64(0.8936881422996521),np.float64(0.3285906910896301),np.float64(0.5552051067352295),np.float64(0.3790445327758789),np.float64(0.18650215864181519),np.float64(0.1883695274591446)
